-- MySQL dump 10.13  Distrib 8.0.34, for Win64 (x86_64)
--
-- Host: localhost    Database: ecommerce_1

--****************FILE to import to MYSQL Workbench Database************************
-- ------------------------------------------------------
-- Server version	8.0.35

/*!40101 SET @OLD_CHARACTER_SET_CLIENT=@@CHARACTER_SET_CLIENT */;
/*!40101 SET @OLD_CHARACTER_SET_RESULTS=@@CHARACTER_SET_RESULTS */;
/*!40101 SET @OLD_COLLATION_CONNECTION=@@COLLATION_CONNECTION */;
/*!50503 SET NAMES utf8 */;
/*!40103 SET @OLD_TIME_ZONE=@@TIME_ZONE */;
/*!40103 SET TIME_ZONE='+00:00' */;
/*!40014 SET @OLD_UNIQUE_CHECKS=@@UNIQUE_CHECKS, UNIQUE_CHECKS=0 */;
/*!40014 SET @OLD_FOREIGN_KEY_CHECKS=@@FOREIGN_KEY_CHECKS, FOREIGN_KEY_CHECKS=0 */;
/*!40101 SET @OLD_SQL_MODE=@@SQL_MODE, SQL_MODE='NO_AUTO_VALUE_ON_ZERO' */;
/*!40111 SET @OLD_SQL_NOTES=@@SQL_NOTES, SQL_NOTES=0 */;

--
-- Table structure for table `address`
--

DROP TABLE IF EXISTS `address`;
/*!40101 SET @saved_cs_client     = @@character_set_client */;
/*!50503 SET character_set_client = utf8mb4 */;
CREATE TABLE `address` (
  `id` bigint NOT NULL,
  `city` varchar(255) DEFAULT NULL,
  `first_name` varchar(255) DEFAULT NULL,
  `last_name` varchar(255) DEFAULT NULL,
  `phone_number` varchar(255) DEFAULT NULL,
  `state` varchar(255) DEFAULT NULL,
  `street_address` varchar(255) DEFAULT NULL,
  `zip_code` varchar(255) DEFAULT NULL,
  `user_id` bigint DEFAULT NULL,
  PRIMARY KEY (`id`),
  KEY `FKda8tuywtf0gb6sedwk7la1pgi` (`user_id`),
  CONSTRAINT `FKda8tuywtf0gb6sedwk7la1pgi` FOREIGN KEY (`user_id`) REFERENCES `user` (`id`)
) ENGINE=InnoDB DEFAULT CHARSET=utf8mb4 COLLATE=utf8mb4_0900_ai_ci;
/*!40101 SET character_set_client = @saved_cs_client */;

--
-- Dumping data for table `address`
--

LOCK TABLES `address` WRITE;
/*!40000 ALTER TABLE `address` DISABLE KEYS */;
INSERT INTO `address` VALUES (1,'4','1','2','7','5','3','6',1),(2,'4','1','2','7','5','3','6',1),(3,'4','1','2','7','5','3','6',1),(4,'4','1','2','7','5','3','6',1),(5,'4','1','2','7','5','3','6',1),(6,'4','1','2','7','5','3','6',1),(7,'4','1','2','7','5','3','6',1),(8,'4','1','2','7','5','3','6',1),(9,'4','1','2','7','5','3','6',1),(10,'4','1','2','7','5','3','6',1),(11,'4','1','2','7','5','3','6',1),(12,'4','1','2','7','5','3','6',1),(13,'4','1','2','7','5','3','6',1),(14,'4','1','2','7','5','3','6',1),(15,'4','1','2','7','5','3','6',1),(16,'4','1','2','7','5','3','6',1),(17,'4','1','2','7','5','3','6',1),(18,'4','1','2','7','5','3','6',1),(19,'4','1','2','7','5','3','6',1),(52,'4','1','2','7','5','3','6',1),(102,'4','1','2','7','5','3','6',1),(103,'4','1','2','7','5','3','6',1),(104,'4','1','2','7','5','3','6',1),(152,'4','1','2','7','5','3','6',1),(202,'4','1','2','7','5','3','6',1),(252,'hai duong','Pham','Hung Tham','01012345678','chi linh','cong hoa. chi linhhai duong','11023',1),(302,'hai duong','Pham','Hung Tham','01012345678','chi linh','1','11023',1),(303,'hai duong','Pham','Hung Tham','01012345678','chi linh','3','11023',1),(304,'hai duong','Pham','Hung Tham','01012345678','chi linh','3','11023',1),(352,'4','1','2','7','5','3','6',1);
/*!40000 ALTER TABLE `address` ENABLE KEYS */;
UNLOCK TABLES;

--
-- Table structure for table `address_seq`
--

DROP TABLE IF EXISTS `address_seq`;
/*!40101 SET @saved_cs_client     = @@character_set_client */;
/*!50503 SET character_set_client = utf8mb4 */;
CREATE TABLE `address_seq` (
  `next_val` bigint DEFAULT NULL
) ENGINE=InnoDB DEFAULT CHARSET=utf8mb4 COLLATE=utf8mb4_0900_ai_ci;
/*!40101 SET character_set_client = @saved_cs_client */;

--
-- Dumping data for table `address_seq`
--

LOCK TABLES `address_seq` WRITE;
/*!40000 ALTER TABLE `address_seq` DISABLE KEYS */;
INSERT INTO `address_seq` VALUES (451);
/*!40000 ALTER TABLE `address_seq` ENABLE KEYS */;
UNLOCK TABLES;

--
-- Table structure for table `cart`
--

DROP TABLE IF EXISTS `cart`;
/*!40101 SET @saved_cs_client     = @@character_set_client */;
/*!50503 SET character_set_client = utf8mb4 */;
CREATE TABLE `cart` (
  `id` bigint NOT NULL AUTO_INCREMENT,
  `discount` int NOT NULL,
  `total_discounted_price` int DEFAULT NULL,
  `total_item` int DEFAULT NULL,
  `total_price` double DEFAULT NULL,
  `user_id` bigint NOT NULL,
  PRIMARY KEY (`id`),
  UNIQUE KEY `UK_9emlp6m95v5er2bcqkjsw48he` (`user_id`),
  CONSTRAINT `FKl70asp4l4w0jmbm1tqyofho4o` FOREIGN KEY (`user_id`) REFERENCES `user` (`id`)
) ENGINE=InnoDB AUTO_INCREMENT=2 DEFAULT CHARSET=utf8mb4 COLLATE=utf8mb4_0900_ai_ci;
/*!40101 SET character_set_client = @saved_cs_client */;

--
-- Dumping data for table `cart`
--

LOCK TABLES `cart` WRITE;
/*!40000 ALTER TABLE `cart` DISABLE KEYS */;
INSERT INTO `cart` VALUES (1,2004,744,2,2748,1);
/*!40000 ALTER TABLE `cart` ENABLE KEYS */;
UNLOCK TABLES;

--
-- Table structure for table `cart_item`
--

DROP TABLE IF EXISTS `cart_item`;
/*!40101 SET @saved_cs_client     = @@character_set_client */;
/*!50503 SET character_set_client = utf8mb4 */;
CREATE TABLE `cart_item` (
  `id` bigint NOT NULL AUTO_INCREMENT,
  `discounted_price` int DEFAULT NULL,
  `price` int DEFAULT NULL,
  `quantity` int NOT NULL,
  `size` varchar(255) DEFAULT NULL,
  `cart_id` bigint DEFAULT NULL,
  `product_id` bigint DEFAULT NULL,
  `user_id` bigint DEFAULT NULL,
  PRIMARY KEY (`id`),
  KEY `FK1uobyhgl1wvgt1jpccia8xxs3` (`cart_id`),
  KEY `FKjcyd5wv4igqnw413rgxbfu4nv` (`product_id`),
  CONSTRAINT `FK1uobyhgl1wvgt1jpccia8xxs3` FOREIGN KEY (`cart_id`) REFERENCES `cart` (`id`),
  CONSTRAINT `FKjcyd5wv4igqnw413rgxbfu4nv` FOREIGN KEY (`product_id`) REFERENCES `product` (`id`)
) ENGINE=InnoDB AUTO_INCREMENT=52 DEFAULT CHARSET=utf8mb4 COLLATE=utf8mb4_0900_ai_ci;
/*!40101 SET character_set_client = @saved_cs_client */;

--
-- Dumping data for table `cart_item`
--

LOCK TABLES `cart_item` WRITE;
/*!40000 ALTER TABLE `cart_item` DISABLE KEYS */;
INSERT INTO `cart_item` VALUES (50,370,1499,1,'3XL',1,59,1),(51,374,1249,1,'S',1,153,1);
/*!40000 ALTER TABLE `cart_item` ENABLE KEYS */;
UNLOCK TABLES;

--
-- Table structure for table `category`
--

DROP TABLE IF EXISTS `category`;
/*!40101 SET @saved_cs_client     = @@character_set_client */;
/*!50503 SET character_set_client = utf8mb4 */;
CREATE TABLE `category` (
  `id` bigint NOT NULL,
  `level` int NOT NULL,
  `name` varchar(255) DEFAULT NULL,
  `parent_category_id` bigint DEFAULT NULL,
  PRIMARY KEY (`id`),
  KEY `FKs2ride9gvilxy2tcuv7witnxc` (`parent_category_id`),
  CONSTRAINT `FKs2ride9gvilxy2tcuv7witnxc` FOREIGN KEY (`parent_category_id`) REFERENCES `category` (`id`)
) ENGINE=InnoDB DEFAULT CHARSET=utf8mb4 COLLATE=utf8mb4_0900_ai_ci;
/*!40101 SET character_set_client = @saved_cs_client */;

--
-- Dumping data for table `category`
--

LOCK TABLES `category` WRITE;
/*!40000 ALTER TABLE `category` DISABLE KEYS */;
INSERT INTO `category` VALUES (1,1,'Men',NULL),(2,2,'Clothing',1),(3,3,'men_jeans',2),(4,3,'mens_kurta',2),(5,3,'shirt',2),(6,1,'Women',NULL),(7,2,'Clothing',6),(8,3,'lengha_choli',7),(10,3,'women_dress',7),(11,3,'women_jeans',7),(12,3,'top',7);
/*!40000 ALTER TABLE `category` ENABLE KEYS */;
UNLOCK TABLES;

--
-- Table structure for table `category_seq`
--

DROP TABLE IF EXISTS `category_seq`;
/*!40101 SET @saved_cs_client     = @@character_set_client */;
/*!50503 SET character_set_client = utf8mb4 */;
CREATE TABLE `category_seq` (
  `next_val` bigint DEFAULT NULL
) ENGINE=InnoDB DEFAULT CHARSET=utf8mb4 COLLATE=utf8mb4_0900_ai_ci;
/*!40101 SET character_set_client = @saved_cs_client */;

--
-- Dumping data for table `category_seq`
--

LOCK TABLES `category_seq` WRITE;
/*!40000 ALTER TABLE `category_seq` DISABLE KEYS */;
INSERT INTO `category_seq` VALUES (101);
/*!40000 ALTER TABLE `category_seq` ENABLE KEYS */;
UNLOCK TABLES;

--
-- Table structure for table `order`
--

DROP TABLE IF EXISTS `order`;
/*!40101 SET @saved_cs_client     = @@character_set_client */;
/*!50503 SET character_set_client = utf8mb4 */;
CREATE TABLE `order` (
  `id` bigint NOT NULL,
  `create_at` datetime(6) DEFAULT NULL,
  `delivery_date` datetime(6) DEFAULT NULL,
  `discount` int DEFAULT NULL,
  `order_date` datetime(6) DEFAULT NULL,
  `order_id` varchar(255) DEFAULT NULL,
  `order_status` varchar(255) DEFAULT NULL,
  `payment_id` varchar(255) DEFAULT NULL,
  `payment_method` varchar(255) DEFAULT NULL,
  `razorpay_payment_id` varchar(255) DEFAULT NULL,
  `razorpay_payment_link_id` varchar(255) DEFAULT NULL,
  `razorpay_payment_link_reference_id` varchar(255) DEFAULT NULL,
  `razorpay_payment_link_status` varchar(255) DEFAULT NULL,
  `status` varchar(255) DEFAULT NULL,
  `total_discounted_price` int DEFAULT NULL,
  `total_item` int NOT NULL,
  `total_price` double NOT NULL,
  `shipping_address_id` bigint DEFAULT NULL,
  `user_id` bigint DEFAULT NULL,
  PRIMARY KEY (`id`),
  UNIQUE KEY `UK_1stm9mhmocpbggtn5ou43i7vr` (`shipping_address_id`),
  KEY `FKcpl0mjoeqhxvgeeeq5piwpd3i` (`user_id`),
  CONSTRAINT `FK5w1hq48lwcqxmh1bvkdcpr4yh` FOREIGN KEY (`shipping_address_id`) REFERENCES `address` (`id`),
  CONSTRAINT `FKcpl0mjoeqhxvgeeeq5piwpd3i` FOREIGN KEY (`user_id`) REFERENCES `user` (`id`)
) ENGINE=InnoDB DEFAULT CHARSET=utf8mb4 COLLATE=utf8mb4_0900_ai_ci;
/*!40101 SET character_set_client = @saved_cs_client */;

--
-- Dumping data for table `order`
--

LOCK TABLES `order` WRITE;
/*!40000 ALTER TABLE `order` DISABLE KEYS */;
INSERT INTO `order` VALUES (1,'2024-01-11 10:44:54.701218',NULL,2004,'2024-01-11 10:44:54.701218',NULL,'PENDING',NULL,NULL,NULL,NULL,NULL,NULL,'PENDING',744,2,2748,1,1),(2,'2024-01-11 10:48:05.191999',NULL,2004,'2024-01-11 10:48:05.191999',NULL,'PENDING',NULL,NULL,NULL,NULL,NULL,NULL,'PENDING',744,2,2748,2,1),(3,'2024-01-11 10:50:38.346263',NULL,2004,'2024-01-11 10:50:38.346263',NULL,'PENDING',NULL,NULL,NULL,NULL,NULL,NULL,'PENDING',744,2,2748,3,1),(4,'2024-01-11 10:56:35.421099',NULL,2004,'2024-01-11 10:56:35.421099',NULL,'PENDING',NULL,NULL,NULL,NULL,NULL,NULL,'PENDING',744,2,2748,4,1),(5,'2024-01-11 11:01:02.135664',NULL,2004,'2024-01-11 11:01:02.135664',NULL,'PENDING',NULL,NULL,NULL,NULL,NULL,NULL,'PENDING',744,2,2748,5,1),(6,'2024-01-11 11:01:26.734347',NULL,2004,'2024-01-11 11:01:26.734347',NULL,'PENDING',NULL,NULL,NULL,NULL,NULL,NULL,'PENDING',744,2,2748,6,1),(7,'2024-01-11 11:03:45.349876',NULL,2004,'2024-01-11 11:03:45.349876',NULL,'PENDING',NULL,NULL,NULL,NULL,NULL,NULL,'PENDING',744,2,2748,7,1),(8,'2024-01-11 11:05:43.694890',NULL,2004,'2024-01-11 11:05:43.694890',NULL,'PENDING',NULL,NULL,NULL,NULL,NULL,NULL,'PENDING',744,2,2748,8,1),(9,'2024-01-11 11:07:17.471979',NULL,2004,'2024-01-11 11:07:17.471979',NULL,'PENDING',NULL,NULL,NULL,NULL,NULL,NULL,'PENDING',744,2,2748,9,1),(10,'2024-01-11 11:08:34.943056',NULL,2004,'2024-01-11 11:08:34.943056',NULL,'PENDING',NULL,NULL,NULL,NULL,NULL,NULL,'PENDING',744,2,2748,10,1),(11,'2024-01-11 11:08:54.214885',NULL,2004,'2024-01-11 11:08:54.214885',NULL,'PENDING',NULL,NULL,NULL,NULL,NULL,NULL,'PENDING',744,2,2748,11,1),(12,'2024-01-11 11:10:32.337151',NULL,2004,'2024-01-11 11:10:32.337151',NULL,'PENDING',NULL,NULL,NULL,NULL,NULL,NULL,'PENDING',744,2,2748,12,1),(13,'2024-01-11 11:11:58.487044',NULL,2004,'2024-01-11 11:11:58.487044',NULL,'PENDING',NULL,NULL,NULL,NULL,NULL,NULL,'PENDING',744,2,2748,13,1),(14,'2024-01-11 11:13:41.289324',NULL,2004,'2024-01-11 11:13:41.289324',NULL,'PENDING',NULL,NULL,NULL,NULL,NULL,NULL,'PENDING',744,2,2748,14,1),(15,'2024-01-11 11:18:36.315546',NULL,2004,'2024-01-11 11:18:36.315546',NULL,'PENDING',NULL,NULL,NULL,NULL,NULL,NULL,'PENDING',744,2,2748,15,1),(16,'2024-01-11 13:47:21.056360',NULL,2004,'2024-01-11 13:47:21.056360',NULL,'PENDING',NULL,NULL,NULL,NULL,NULL,NULL,'PENDING',744,2,2748,16,1),(17,'2024-01-11 13:50:18.238454',NULL,2004,'2024-01-11 13:50:18.238454',NULL,'PENDING',NULL,NULL,NULL,NULL,NULL,NULL,'PENDING',744,2,2748,17,1),(18,'2024-01-11 13:51:16.555534',NULL,2004,'2024-01-11 13:51:16.555534',NULL,'PENDING',NULL,NULL,NULL,NULL,NULL,NULL,'PENDING',744,2,2748,18,1),(19,'2024-01-11 13:52:46.497274',NULL,2004,'2024-01-11 13:52:46.497274',NULL,'PENDING',NULL,NULL,NULL,NULL,NULL,NULL,'PENDING',744,2,2748,19,1),(52,'2024-01-11 14:49:41.628632',NULL,2004,'2024-01-11 14:49:41.628632',NULL,'PENDING',NULL,NULL,NULL,NULL,NULL,NULL,'PENDING',744,2,2748,52,1),(102,'2024-01-11 15:13:42.439501',NULL,2004,'2024-01-11 15:13:42.439501',NULL,'PENDING',NULL,NULL,NULL,NULL,NULL,NULL,'PENDING',744,2,2748,102,1),(103,'2024-01-11 15:53:35.964431',NULL,2004,'2024-01-11 15:53:35.964431',NULL,'PENDING',NULL,NULL,NULL,NULL,NULL,NULL,'PENDING',744,2,2748,103,1),(104,'2024-01-11 15:55:40.191181',NULL,2004,'2024-01-11 15:55:40.191181',NULL,'PENDING',NULL,NULL,NULL,NULL,NULL,NULL,'PENDING',744,2,2748,104,1),(152,'2024-01-11 16:37:05.751792',NULL,2004,'2024-01-11 16:37:05.751792',NULL,'PENDING',NULL,NULL,NULL,NULL,NULL,NULL,'PENDING',744,2,2748,152,1),(202,'2024-01-11 17:14:17.044842',NULL,2004,'2024-01-11 17:14:17.044842',NULL,'PENDING',NULL,NULL,NULL,NULL,NULL,NULL,'PENDING',744,2,2748,202,1),(252,'2024-01-11 17:27:11.134725',NULL,2004,'2024-01-11 17:27:11.134725',NULL,'PENDING',NULL,NULL,NULL,NULL,NULL,NULL,'PENDING',744,2,2748,252,1),(302,'2024-01-11 17:50:59.422745',NULL,2004,'2024-01-11 17:50:59.422745',NULL,'PENDING',NULL,NULL,NULL,NULL,NULL,NULL,'PENDING',744,2,2748,302,1),(303,'2024-01-11 17:52:08.311171',NULL,2004,'2024-01-11 17:52:08.311171',NULL,'PENDING',NULL,NULL,NULL,NULL,NULL,NULL,'PENDING',744,2,2748,303,1),(304,'2024-01-11 17:52:30.177125',NULL,2004,'2024-01-11 17:52:30.177125',NULL,'PENDING',NULL,NULL,NULL,NULL,NULL,NULL,'PENDING',744,2,2748,304,1),(352,'2024-01-12 09:21:36.459526',NULL,2004,'2024-01-12 09:21:36.459526',NULL,'PENDING',NULL,NULL,NULL,NULL,NULL,NULL,'PENDING',744,2,2748,352,1);
/*!40000 ALTER TABLE `order` ENABLE KEYS */;
UNLOCK TABLES;

--
-- Table structure for table `order_item`
--

DROP TABLE IF EXISTS `order_item`;
/*!40101 SET @saved_cs_client     = @@character_set_client */;
/*!50503 SET character_set_client = utf8mb4 */;
CREATE TABLE `order_item` (
  `id` bigint NOT NULL AUTO_INCREMENT,
  `delivery_date` datetime(6) DEFAULT NULL,
  `discounted_price` int DEFAULT NULL,
  `price` int DEFAULT NULL,
  `quantity` int NOT NULL,
  `size` varchar(255) DEFAULT NULL,
  `user_id` bigint DEFAULT NULL,
  `order_id` bigint DEFAULT NULL,
  `product_id` bigint DEFAULT NULL,
  PRIMARY KEY (`id`),
  KEY `FKsgmrolp8skulmo2vyb20c4mfk` (`order_id`),
  KEY `FK551losx9j75ss5d6bfsqvijna` (`product_id`),
  CONSTRAINT `FK551losx9j75ss5d6bfsqvijna` FOREIGN KEY (`product_id`) REFERENCES `product` (`id`),
  CONSTRAINT `FKsgmrolp8skulmo2vyb20c4mfk` FOREIGN KEY (`order_id`) REFERENCES `order` (`id`)
) ENGINE=InnoDB AUTO_INCREMENT=61 DEFAULT CHARSET=utf8mb4 COLLATE=utf8mb4_0900_ai_ci;
/*!40101 SET character_set_client = @saved_cs_client */;

--
-- Dumping data for table `order_item`
--

LOCK TABLES `order_item` WRITE;
/*!40000 ALTER TABLE `order_item` DISABLE KEYS */;
INSERT INTO `order_item` VALUES (1,NULL,374,1249,1,'S',1,1,153),(2,NULL,370,1499,1,'3XL',1,1,59),(3,NULL,374,1249,1,'S',1,2,153),(4,NULL,370,1499,1,'3XL',1,2,59),(5,NULL,370,1499,1,'3XL',1,3,59),(6,NULL,374,1249,1,'S',1,3,153),(7,NULL,370,1499,1,'3XL',1,4,59),(8,NULL,374,1249,1,'S',1,4,153),(9,NULL,370,1499,1,'3XL',1,5,59),(10,NULL,374,1249,1,'S',1,5,153),(11,NULL,374,1249,1,'S',1,6,153),(12,NULL,370,1499,1,'3XL',1,6,59),(13,NULL,374,1249,1,'S',1,7,153),(14,NULL,370,1499,1,'3XL',1,7,59),(15,NULL,374,1249,1,'S',1,8,153),(16,NULL,370,1499,1,'3XL',1,8,59),(17,NULL,370,1499,1,'3XL',1,9,59),(18,NULL,374,1249,1,'S',1,9,153),(19,NULL,374,1249,1,'S',1,10,153),(20,NULL,370,1499,1,'3XL',1,10,59),(21,NULL,374,1249,1,'S',1,11,153),(22,NULL,370,1499,1,'3XL',1,11,59),(23,NULL,370,1499,1,'3XL',1,12,59),(24,NULL,374,1249,1,'S',1,12,153),(25,NULL,374,1249,1,'S',1,13,153),(26,NULL,370,1499,1,'3XL',1,13,59),(27,NULL,374,1249,1,'S',1,14,153),(28,NULL,370,1499,1,'3XL',1,14,59),(29,NULL,374,1249,1,'S',1,15,153),(30,NULL,370,1499,1,'3XL',1,15,59),(31,NULL,374,1249,1,'S',1,16,153),(32,NULL,370,1499,1,'3XL',1,16,59),(33,NULL,374,1249,1,'S',1,17,153),(34,NULL,370,1499,1,'3XL',1,17,59),(35,NULL,370,1499,1,'3XL',1,18,59),(36,NULL,374,1249,1,'S',1,18,153),(37,NULL,370,1499,1,'3XL',1,19,59),(38,NULL,374,1249,1,'S',1,19,153),(39,NULL,374,1249,1,'S',1,52,153),(40,NULL,370,1499,1,'3XL',1,52,59),(41,NULL,370,1499,1,'3XL',1,102,59),(42,NULL,374,1249,1,'S',1,102,153),(43,NULL,370,1499,1,'3XL',1,103,59),(44,NULL,374,1249,1,'S',1,103,153),(45,NULL,370,1499,1,'3XL',1,104,59),(46,NULL,374,1249,1,'S',1,104,153),(47,NULL,370,1499,1,'3XL',1,152,59),(48,NULL,374,1249,1,'S',1,152,153),(49,NULL,370,1499,1,'3XL',1,202,59),(50,NULL,374,1249,1,'S',1,202,153),(51,NULL,370,1499,1,'3XL',1,252,59),(52,NULL,374,1249,1,'S',1,252,153),(53,NULL,370,1499,1,'3XL',1,302,59),(54,NULL,374,1249,1,'S',1,302,153),(55,NULL,370,1499,1,'3XL',1,303,59),(56,NULL,374,1249,1,'S',1,303,153),(57,NULL,374,1249,1,'S',1,304,153),(58,NULL,370,1499,1,'3XL',1,304,59),(59,NULL,370,1499,1,'3XL',1,352,59),(60,NULL,374,1249,1,'S',1,352,153);
/*!40000 ALTER TABLE `order_item` ENABLE KEYS */;
UNLOCK TABLES;

--
-- Table structure for table `order_seq`
--

DROP TABLE IF EXISTS `order_seq`;
/*!40101 SET @saved_cs_client     = @@character_set_client */;
/*!50503 SET character_set_client = utf8mb4 */;
CREATE TABLE `order_seq` (
  `next_val` bigint DEFAULT NULL
) ENGINE=InnoDB DEFAULT CHARSET=utf8mb4 COLLATE=utf8mb4_0900_ai_ci;
/*!40101 SET character_set_client = @saved_cs_client */;

--
-- Dumping data for table `order_seq`
--

LOCK TABLES `order_seq` WRITE;
/*!40000 ALTER TABLE `order_seq` DISABLE KEYS */;
INSERT INTO `order_seq` VALUES (451);
/*!40000 ALTER TABLE `order_seq` ENABLE KEYS */;
UNLOCK TABLES;

--
-- Table structure for table `payment_infomation`
--

DROP TABLE IF EXISTS `payment_infomation`;
/*!40101 SET @saved_cs_client     = @@character_set_client */;
/*!50503 SET character_set_client = utf8mb4 */;
CREATE TABLE `payment_infomation` (
  `user_id` bigint NOT NULL,
  `card_holder_name` varchar(255) DEFAULT NULL,
  `card_number` varchar(255) DEFAULT NULL,
  `cvv` varchar(255) DEFAULT NULL,
  `expiration_date` date DEFAULT NULL,
  KEY `FK42vc5v0sjdglljndc8q6kw96h` (`user_id`),
  CONSTRAINT `FK42vc5v0sjdglljndc8q6kw96h` FOREIGN KEY (`user_id`) REFERENCES `user` (`id`)
) ENGINE=InnoDB DEFAULT CHARSET=utf8mb4 COLLATE=utf8mb4_0900_ai_ci;
/*!40101 SET character_set_client = @saved_cs_client */;

--
-- Dumping data for table `payment_infomation`
--

LOCK TABLES `payment_infomation` WRITE;
/*!40000 ALTER TABLE `payment_infomation` DISABLE KEYS */;
/*!40000 ALTER TABLE `payment_infomation` ENABLE KEYS */;
UNLOCK TABLES;

--
-- Table structure for table `product`
--

DROP TABLE IF EXISTS `product`;
/*!40101 SET @saved_cs_client     = @@character_set_client */;
/*!50503 SET character_set_client = utf8mb4 */;
CREATE TABLE `product` (
  `id` bigint NOT NULL AUTO_INCREMENT,
  `brand` varchar(255) DEFAULT NULL,
  `color` varchar(255) DEFAULT NULL,
  `create_at` datetime(6) DEFAULT NULL,
  `description` varchar(255) DEFAULT NULL,
  `discount_percent` int DEFAULT NULL,
  `discounted_price` int DEFAULT NULL,
  `image_url` varchar(255) DEFAULT NULL,
  `num_ratings` int DEFAULT NULL,
  `price` int DEFAULT NULL,
  `quantity` int DEFAULT NULL,
  `title` varchar(255) DEFAULT NULL,
  `category_id` bigint DEFAULT NULL,
  PRIMARY KEY (`id`),
  KEY `FK1mtsbur82frn64de7balymq9s` (`category_id`),
  CONSTRAINT `FK1mtsbur82frn64de7balymq9s` FOREIGN KEY (`category_id`) REFERENCES `category` (`id`)
) ENGINE=InnoDB AUTO_INCREMENT=242 DEFAULT CHARSET=utf8mb4 COLLATE=utf8mb4_0900_ai_ci;
/*!40101 SET character_set_client = @saved_cs_client */;

--
-- Dumping data for table `product`
--

LOCK TABLES `product` WRITE;
/*!40000 ALTER TABLE `product` DISABLE KEYS */;
INSERT INTO `product` VALUES (1,'LAHEJA','black','2024-01-08 11:15:39.459539','A traditional garment embodying elegance and grace. Crafted from fine fabrics, it features intricate embroidery and a relaxed fit, providing comfort and style.',70,599,'https://rukminim1.flixcart.com/image/612/612/xif0q/jean/h/y/g/34-jeans-bt008-laheja-original-imagqqbsfgmdhcvn.jpeg?q=70',0,1999,100,'Men Regular Mid Rise Black Jeans',3),(2,'COPER BUCK','black','2024-01-08 11:15:39.475281','A traditional garment embodying elegance and grace. Crafted from fine fabrics, it features intricate embroidery and a relaxed fit, providing comfort and style.',62,898,'https://rukminim1.flixcart.com/image/612/612/kmns7m80/jean/9/5/o/36-black-36-coper-buck-original-imagfg9edbsneu2s.jpeg?q=70',0,2399,100,'Men Regular Mid Rise Black Jeans',3),(3,'Spykar','black','2024-01-08 11:15:39.486659','A traditional garment embodying elegance and grace. Crafted from fine fabrics, it features intricate embroidery and a relaxed fit, providing comfort and style.',62,1099,'https://rukminim1.flixcart.com/image/612/612/xif0q/jean/z/n/u/32-ecskn-01bb-002-spykar-original-imaghxqwuw67ywfy.jpeg?q=70',0,2799,100,'Men Skinny Low Rise Black Jeans',3),(4,'UNITED DENIM','black','2024-01-08 11:15:39.496659','A traditional garment embodying elegance and grace. Crafted from fine fabrics, it features intricate embroidery and a relaxed fit, providing comfort and style.',75,429,'https://rukminim1.flixcart.com/image/612/612/xif0q/jean/a/w/t/30-ud0030-united-denim-original-imagf9n9efexz68u-bb.jpeg?q=70',0,1749,100,'Men Slim Mid Rise Black Jeans',3),(5,'comfits','black','2024-01-08 11:15:39.509671','A traditional garment embodying elegance and grace. Crafted from fine fabrics, it features intricate embroidery and a relaxed fit, providing comfort and style.',69,399,'https://rukminim1.flixcart.com/image/612/612/ky0g58w0/shopsy-jean/8/p/y/28-black-knee-cut-jeans-comfits-original-imagaccjjya9gqzn.jpeg?q=70',0,1299,100,'Men Slim Mid Rise Black Jeans',3),(6,'HIGHLANDER','black','2024-01-08 11:15:39.521417','A traditional garment embodying elegance and grace. Crafted from fine fabrics, it features intricate embroidery and a relaxed fit, providing comfort and style.',61,701,'https://rukminim1.flixcart.com/image/612/612/kwfaj680/jean/3/c/s/38-hljn001891-highlander-original-imag93tpnjyyvpkg.jpeg?q=70',0,1799,100,'Men Tapered Fit Mid Rise Black Jeans',3),(7,'Crishtaliyo 2fashion','black','2024-01-08 11:15:39.531416','A traditional garment embodying elegance and grace. Crafted from fine fabrics, it features intricate embroidery and a relaxed fit, providing comfort and style.',72,494,'https://rukminim1.flixcart.com/image/612/612/xif0q/jean/2/q/g/30-jeans-kneecut-black-crishtaliyo-2fashion-original-imagqy6gzmpwqkge.jpeg?q=70',0,1799,100,'Men Slim Mid Rise Black Jeans',3),(8,'COPER BUCK','black','2024-01-08 11:15:39.541416','A traditional garment embodying elegance and grace. Crafted from fine fabrics, it features intricate embroidery and a relaxed fit, providing comfort and style.',62,898,'https://rukminim1.flixcart.com/image/612/612/xif0q/shopsy-jean/k/v/m/30-shopsy-black-30-coper-buck-original-imag57w8xmhgkhrf.jpeg?q=70',0,2399,100,'Men Regular Mid Rise Black Jeans',3),(9,'HIGHLANDER','black','2024-01-08 11:15:39.554060','A traditional garment embodying elegance and grace. Crafted from fine fabrics, it features intricate embroidery and a relaxed fit, providing comfort and style.',53,610,'https://rukminim1.flixcart.com/image/612/612/kfoapow0-0/jean/w/o/d/30-000877-highlander-original-imafw2hyqbj3bsph.jpeg?q=70',0,1299,100,'Men Tapered Fit Mid Rise Black Jeans',3),(10,'Urbano Fashion','black','2024-01-08 11:15:39.563851','A traditional garment embodying elegance and grace. Crafted from fine fabrics, it features intricate embroidery and a relaxed fit, providing comfort and style.',50,699,'https://rukminim1.flixcart.com/image/612/612/xif0q/jean/r/a/b/38-eps-black-03-urbano-fashion-original-imaghkgk27whjcej.jpeg?q=70',0,1399,100,'Men Slim Mid Rise Black Jeans',3),(11,'ZAYSH','black','2024-01-08 11:15:39.574542','A traditional garment embodying elegance and grace. Crafted from fine fabrics, it features intricate embroidery and a relaxed fit, providing comfort and style.',70,380,'https://rukminim1.flixcart.com/image/612/612/xif0q/jean/h/p/f/30-jk2-mjrp-02-zaysh-original-imagqgf6yh4gtwhx.jpeg?q=70',0,1299,100,'Men Slim Mid Rise Black Jeans',3),(12,'COPER BUCK','black','2024-01-08 11:15:39.584783','A traditional garment embodying elegance and grace. Crafted from fine fabrics, it features intricate embroidery and a relaxed fit, providing comfort and style.',68,799,'https://rukminim1.flixcart.com/image/612/612/xif0q/jean/r/3/o/30-black-1-coper-buck-original-imagqtmaknsqh34z.jpeg?q=70',0,2499,100,'Men Regular Mid Rise Black Jeans',3),(13,'QARSH','black','2024-01-08 11:15:39.593782','A traditional garment embodying elegance and grace. Crafted from fine fabrics, it features intricate embroidery and a relaxed fit, providing comfort and style.',77,410,'https://rukminim1.flixcart.com/image/612/612/xif0q/jean/o/s/7/28-pbwc-001-qarsh-original-imagh8cfhc3dreq8.jpeg?q=70',0,1799,100,'Men Slim Mid Rise Black Jeans',3),(14,'linaria','black','2024-01-08 11:15:39.603783','A traditional garment embodying elegance and grace. Crafted from fine fabrics, it features intricate embroidery and a relaxed fit, providing comfort and style.',68,349,'https://rukminim1.flixcart.com/image/612/612/xif0q/jean/d/s/c/36-mj-bk-pl-48-comfits-original-imagqbrnyjfzhs8v.jpeg?q=70',0,1099,100,'Men Slim Mid Rise Black Jeans',3),(15,'LOUIS PHILIPPE','black','2024-01-08 11:15:39.610782','A traditional garment embodying elegance and grace. Crafted from fine fabrics, it features intricate embroidery and a relaxed fit, providing comfort and style.',42,1799,'https://rukminim1.flixcart.com/image/612/612/xif0q/jean/h/0/x/32-lrdncslpw68549-louis-philippe-original-imagkca2jxzmb9ya.jpeg?q=70',0,2999,100,'Men Slim Mid Rise Black Jeans',3),(16,'QARSH','black','2024-01-08 11:15:39.621259','A traditional garment embodying elegance and grace. Crafted from fine fabrics, it features intricate embroidery and a relaxed fit, providing comfort and style.',76,430,'https://rukminim1.flixcart.com/image/612/612/xif0q/jean/6/y/c/30-kcbwc-002-qarsh-original-imagh6fkdxzeaqc8.jpeg?q=70',0,1799,100,'Men Slim Mid Rise Black Jeans',3),(17,'ZAYSH','black','2024-01-08 11:15:39.628737','A traditional garment embodying elegance and grace. Crafted from fine fabrics, it features intricate embroidery and a relaxed fit, providing comfort and style.',69,400,'https://rukminim1.flixcart.com/image/612/612/xif0q/jean/n/a/k/30-jk-jog02-zaysh-original-imag4bez9hhqvehx-bb.jpeg?q=70',0,1299,100,'Men Jogger Fit Mid Rise Black Jeans',3),(18,'LAHEJA','black','2024-01-08 11:15:39.638237','A traditional garment embodying elegance and grace. Crafted from fine fabrics, it features intricate embroidery and a relaxed fit, providing comfort and style.',70,599,'https://rukminim1.flixcart.com/image/612/612/xif0q/jean/q/i/p/28-beige-jeans-bt008-laheja-original-imagqqbt4kxduwka.jpeg?q=70',0,1999,100,'Men Regular Mid Rise Black Jeans',3),(19,'linaria','black','2024-01-08 11:15:39.646712','A traditional garment embodying elegance and grace. Crafted from fine fabrics, it features intricate embroidery and a relaxed fit, providing comfort and style.',52,899,'https://rukminim1.flixcart.com/image/612/612/xif0q/jean/u/q/f/28-lnbwp006-linaria-original-imagzudybdz3ahm5.jpeg?q=70',0,1899,100,'Men Slim Mid Rise Black, White Jeans',3),(20,'HIGHLANDER','black','2024-01-08 11:15:39.655221','A traditional garment embodying elegance and grace. Crafted from fine fabrics, it features intricate embroidery and a relaxed fit, providing comfort and style.',61,721,'https://rukminim1.flixcart.com/image/612/612/kfmv9u80-0/jean/u/v/3/34-hljn000771-highlander-original-imafwfj7yznyezyq.jpeg?q=70',0,1849,100,'Men Slim Mid Rise Black Jeans',3),(21,'ZAYSH','black','2024-01-08 11:15:39.664005','A traditional garment embodying elegance and grace. Crafted from fine fabrics, it features intricate embroidery and a relaxed fit, providing comfort and style.',66,429,'https://rukminim1.flixcart.com/image/612/612/xif0q/jean/0/8/j/28-4jk-jog-zaysh-original-imag4fymxqj7x4zf-bb.jpeg?q=70',0,1299,100,'Men Jogger Fit Mid Rise Black Jeans',3),(22,'Veirdo','black','2024-01-08 11:15:39.674148','A traditional garment embodying elegance and grace. Crafted from fine fabrics, it features intricate embroidery and a relaxed fit, providing comfort and style.',55,1399,'https://rukminim1.flixcart.com/image/612/612/xif0q/jean/e/m/o/32-vje0123bkslmh043-veirdo-original-imagnggzasqfhvyg.jpeg?q=70',0,2999,100,'Men Slim Mid Rise Black Jeans',3),(23,'Calvin Klein Jeans','black','2024-01-08 11:15:39.681536','A traditional garment embodying elegance and grace. Crafted from fine fabrics, it features intricate embroidery and a relaxed fit, providing comfort and style.',45,4399,'https://rukminim1.flixcart.com/image/612/612/kzd147k0/jean/z/x/c/32-j3198701by-calvin-klein-jeans-original-imagbe438rndmq6x.jpeg?q=70',0,7999,100,'Men Regular Mid Rise Black Jeans',3),(24,'Roadster','black','2024-01-08 11:15:39.690236','A traditional garment embodying elegance and grace. Crafted from fine fabrics, it features intricate embroidery and a relaxed fit, providing comfort and style.',66,660,'https://rukminim1.flixcart.com/image/612/612/xif0q/jean/g/q/f/28-7139482-roadster-original-imafgmr5xpgfmjbm-bb.jpeg?q=70',0,1999,100,'Men Slim Mid Rise Black Jeans',3),(25,'Styzon','black','2024-01-08 11:15:39.697634','A traditional garment embodying elegance and grace. Crafted from fine fabrics, it features intricate embroidery and a relaxed fit, providing comfort and style.',58,739,'https://rukminim1.flixcart.com/image/612/612/xif0q/jean/3/e/3/28-r-067-styzon-original-imagggqtnfpaurqf.jpeg?q=70',0,1799,100,'Men Boyfriend Mid Rise Black Jeans',3),(26,'Roadster','black','2024-01-08 11:15:39.706634','A traditional garment embodying elegance and grace. Crafted from fine fabrics, it features intricate embroidery and a relaxed fit, providing comfort and style.',66,561,'https://rukminim1.flixcart.com/image/612/612/jsaocy80/jean/3/y/h/36-4451377-roadster-original-imafdwmrjyfghdf5.jpeg?q=70',0,1699,100,'Men Regular Mid Rise Black Jeans',3),(27,'stylophile','black','2024-01-08 11:15:39.714602','A traditional garment embodying elegance and grace. Crafted from fine fabrics, it features intricate embroidery and a relaxed fit, providing comfort and style.',40,899,'https://rukminim1.flixcart.com/image/612/612/xif0q/jean/w/x/e/34-black-00010-stylophile-original-imagpbjm2xhcfyt2.jpeg?q=70',0,1499,100,'Men Slim Mid Rise Black Jeans',3),(28,'CANTABIL','black','2024-01-08 11:15:39.724437','A traditional garment embodying elegance and grace. Crafted from fine fabrics, it features intricate embroidery and a relaxed fit, providing comfort and style.',55,1399,'https://rukminim1.flixcart.com/image/612/612/l2p23rk0/jean/c/d/c/32-mdnm00169-black-cantabil-original-imagdzc7puqhsh47.jpeg?q=70',0,2999,100,'Men Regular Mid Rise Black Jeans',3),(29,'linaria','black','2024-01-08 11:15:39.731441','A traditional garment embodying elegance and grace. Crafted from fine fabrics, it features intricate embroidery and a relaxed fit, providing comfort and style.',52,899,'https://rukminim1.flixcart.com/image/612/612/xif0q/jean/u/q/f/28-lnbwp006-linaria-original-imagzudybdz3ahm5.jpeg?q=70',0,1899,100,'Men Slim Mid Rise Black, White Jeans',3),(30,'Supernova Inc.','black','2024-01-08 11:15:39.740000','A traditional garment embodying elegance and grace. Crafted from fine fabrics, it features intricate embroidery and a relaxed fit, providing comfort and style.',64,499,'https://rukminim1.flixcart.com/image/612/612/xif0q/jean/x/f/x/28-suplpsjeanwhithr-black-supernova-inc-original-imagm6ruxyfaxeef.jpeg?q=70',0,1399,100,'Men Slim Mid Rise Black Jeans',3),(31,'Veirdo','black','2024-01-08 11:15:39.747660','A traditional garment embodying elegance and grace. Crafted from fine fabrics, it features intricate embroidery and a relaxed fit, providing comfort and style.',55,1399,'https://rukminim1.flixcart.com/image/612/612/xif0q/jean/j/w/p/38-vje0123bkslmm042-veirdo-original-imagngkdqasgsbjh.jpeg?q=70',0,2999,100,'Men Slim Mid Rise Black Jeans',3),(32,'CANTABIL','black','2024-01-08 11:15:39.756653','A traditional garment embodying elegance and grace. Crafted from fine fabrics, it features intricate embroidery and a relaxed fit, providing comfort and style.',55,1149,'https://rukminim1.flixcart.com/image/612/612/l55nekw0/jean/h/4/u/36-mdnm00160-black-cantabil-original-imagfw5adg5fq2se.jpeg?q=70',0,2499,100,'Men Regular Mid Rise Black Jeans',3),(33,'Supernova Inc.','black','2024-01-08 11:15:39.764141','A traditional garment embodying elegance and grace. Crafted from fine fabrics, it features intricate embroidery and a relaxed fit, providing comfort and style.',64,499,'https://rukminim1.flixcart.com/image/612/612/xif0q/jean/s/a/x/34-suplpsjeanblathr-black-supernova-inc-original-imagm6rsbaghtf5y.jpeg?q=70',0,1399,100,'Men Slim Mid Rise Black Jeans',3),(34,'LEVI\'S','black','2024-01-08 11:15:39.773141','A traditional garment embodying elegance and grace. Crafted from fine fabrics, it features intricate embroidery and a relaxed fit, providing comfort and style.',48,2099,'https://rukminim1.flixcart.com/image/612/612/xif0q/jean/5/r/d/-original-imagq2q3djvzxwzz.jpeg?q=70',0,3999,100,'Men Skinny Mid Rise Black Jeans',3),(35,'linaria','black','2024-01-08 11:15:39.780858','A traditional garment embodying elegance and grace. Crafted from fine fabrics, it features intricate embroidery and a relaxed fit, providing comfort and style.',52,899,'https://rukminim1.flixcart.com/image/612/612/xif0q/jean/w/b/i/36-lnbwp003-linaria-original-imagzu9bhj98echw.jpeg?q=70',0,1899,100,'Men Slim Mid Rise Black, White Jeans',3),(36,'HIGHLANDER','black','2024-01-08 11:15:39.790007','A traditional garment embodying elegance and grace. Crafted from fine fabrics, it features intricate embroidery and a relaxed fit, providing comfort and style.',61,662,'https://rukminim1.flixcart.com/image/612/612/k70spzk0/jean/f/a/g/30-hljn000765-highlander-original-imafpchx9c2gdxks.jpeg?q=70',0,1699,100,'Men Slim Mid Rise Black Jeans',3),(37,'0-DEGREE','black','2024-01-08 11:15:39.797557','A traditional garment embodying elegance and grace. Crafted from fine fabrics, it features intricate embroidery and a relaxed fit, providing comfort and style.',77,916,'https://rukminim1.flixcart.com/image/612/612/l23mhzk0/shopsy-jean/o/b/l/34-0djemay16maglightblue-sk-original-imagdgqb9eswy2ac.jpeg?q=70',0,3999,100,'Men Slim Mid Rise Black Jeans',3),(38,'STUDIO NEXX','black','2024-01-08 11:15:39.806557','A traditional garment embodying elegance and grace. Crafted from fine fabrics, it features intricate embroidery and a relaxed fit, providing comfort and style.',50,739,'https://rukminim1.flixcart.com/image/612/612/xif0q/jean/z/q/h/42-blaze-black-studio-nexx-original-imafwfj8exeuwsy5-bb.jpeg?q=70',0,1499,100,'Men Regular Mid Rise Black Jeans',3),(39,'HIGHLANDER','black','2024-01-08 11:15:39.815668','A traditional garment embodying elegance and grace. Crafted from fine fabrics, it features intricate embroidery and a relaxed fit, providing comfort and style.',69,697,'https://rukminim1.flixcart.com/image/612/612/xif0q/jean/n/l/c/42-hljn002845-highlander-original-imagz6y7fyaqhgw3.jpeg?q=70',0,2249,100,'Plus Size Men Regular Mid Rise Black Jeans',3),(40,'HIGHLANDER','black','2024-01-08 11:15:39.825376','A traditional garment embodying elegance and grace. Crafted from fine fabrics, it features intricate embroidery and a relaxed fit, providing comfort and style.',61,721,'https://rukminim1.flixcart.com/image/612/612/kfmv9u80-0/jean/e/9/e/36-hljn000670-highlander-original-imafwfj6zhxw39wg.jpeg?q=70',0,1849,100,'Men Slim Mid Rise Black Jeans',3),(41,'Majestic Man','Green','2024-01-08 11:15:46.543713','A traditional garment embodying elegance and grace. Crafted from fine fabrics, it features intricate embroidery and a relaxed fit, providing comfort and style.',66,499,'https://rukminim1.flixcart.com/image/612/612/l5h2xe80/kurta/x/6/n/xl-kast-tile-green-majestic-man-original-imagg4z33hu4kzpv.jpeg?q=70',0,1499,100,'Men Printed Pure Cotton Straight Kurta',4),(42,'SG LEMAN','Yellow','2024-01-08 11:15:46.556713','A traditional garment embodying elegance and grace. Crafted from fine fabrics, it features intricate embroidery and a relaxed fit, providing comfort and style.',68,799,'https://rukminim1.flixcart.com/image/612/612/xif0q/kurta/l/f/r/xl-k-spl668-yellow-sg-leman-original-imagznqcrahgq9rf.jpeg?q=70',0,2499,100,'Men Embroidered Jacquard Straight Kurta',4),(43,'FUBAR','Blue','2024-01-08 11:15:46.565714','A traditional garment embodying elegance and grace. Crafted from fine fabrics, it features intricate embroidery and a relaxed fit, providing comfort and style.',73,399,'https://rukminim1.flixcart.com/image/612/612/xif0q/kurta/g/6/k/m-sksh-dt1105-pcbl-fubar-original-imafux247zhqym2z-bb.jpeg?q=70',0,1499,100,'Men Printed Cotton Blend Straight Kurta',4),(44,'ALY JOHN','White','2024-01-08 11:15:46.577714','A traditional garment embodying elegance and grace. Crafted from fine fabrics, it features intricate embroidery and a relaxed fit, providing comfort and style.',76,474,'https://rukminim1.flixcart.com/image/612/612/xif0q/kurta/i/v/x/xxl-br-ad-kt-105-adwyn-peter-original-imagj4zyd2q7t6cg.jpeg?q=70',0,1999,100,'Men Solid Pure Cotton Straight Kurta',4),(45,'PETER ENGLAND','Grey','2024-01-08 11:15:46.589713','A traditional garment embodying elegance and grace. Crafted from fine fabrics, it features intricate embroidery and a relaxed fit, providing comfort and style.',50,524,'https://rukminim1.flixcart.com/image/612/612/xif0q/kurta/j/a/r/l-poch521835-peter-england-original-imag7jg47g7cxhg3-bb.jpeg?q=70',0,1049,100,'Men Woven Design Pure Cotton Straight Kurta',4),(46,'Majestic Man','Pink','2024-01-08 11:15:46.600714','A traditional garment embodying elegance and grace. Crafted from fine fabrics, it features intricate embroidery and a relaxed fit, providing comfort and style.',66,499,'https://rukminim1.flixcart.com/image/612/612/xif0q/kurta/y/c/x/xl-kast107hp-majestic-man-original-imafw49u5uty4agx-bb.jpeg?q=70',0,1499,100,'Men Solid Pure Cotton Straight Kurta',4),(47,'WRODSS','Black','2024-01-08 11:15:46.611713','A traditional garment embodying elegance and grace. Crafted from fine fabrics, it features intricate embroidery and a relaxed fit, providing comfort and style.',72,277,'https://rukminim1.flixcart.com/image/612/612/kpodocw0/t-shirt/x/o/4/xl-wr-64-wrodss-original-imag3upwgq9n9fbv.jpeg?q=70',0,999,100,'Men Solid Cotton Blend Straight Kurta',4),(48,'Manthan','Blue','2024-01-08 11:15:46.621713','A traditional garment embodying elegance and grace. Crafted from fine fabrics, it features intricate embroidery and a relaxed fit, providing comfort and style.',27,765,'https://rukminim1.flixcart.com/image/612/612/l4zxn680/kurta/i/g/u/s-mtml0039-341-manthan-original-imagfrz3gwgdtczm.jpeg?q=70',0,1049,100,'Men Printed Cotton Blend Straight Kurta',4),(49,'RAHUL LOOK','Green','2024-01-08 11:15:46.628748','A traditional garment embodying elegance and grace. Crafted from fine fabrics, it features intricate embroidery and a relaxed fit, providing comfort and style.',68,499,'https://rukminim1.flixcart.com/image/612/612/xif0q/kurta/m/e/e/s-kurta-rahul-look-original-imaga2g6qmhbywdf-bb.jpeg?q=70',0,1599,100,'Men Solid Pure Cotton Straight Kurta',4),(50,'FRELURO','Yellow','2024-01-08 11:15:46.637748','A traditional garment embodying elegance and grace. Crafted from fine fabrics, it features intricate embroidery and a relaxed fit, providing comfort and style.',57,429,'https://rukminim1.flixcart.com/image/612/612/xif0q/kurta/u/v/m/l-grey-106-yellow-freluro-original-imagc26vdpwxgztu-bb.jpeg?q=70',0,999,100,'Men Printed Cotton Blend Straight Kurta',4),(51,'Manthan','Light Blue','2024-01-08 11:15:46.644560','A traditional garment embodying elegance and grace. Crafted from fine fabrics, it features intricate embroidery and a relaxed fit, providing comfort and style.',27,729,'https://rukminim1.flixcart.com/image/612/612/jsj90280/kurta/j/z/g/l-mtmkos0004-326-manthan-original-imafe35wha5ry36p.jpeg?q=70',0,909,100,'Men Self Design Cotton Blend Straight Kurta',4),(52,'allan peter','Green','2024-01-08 11:15:46.654561','A traditional garment embodying elegance and grace. Crafted from fine fabrics, it features intricate embroidery and a relaxed fit, providing comfort and style.',74,449,'https://rukminim1.flixcart.com/image/612/612/xif0q/kurta/g/f/f/xl-grey-sws4503-allan-peter-original-imag6xxgvvh59gh5-bb.jpeg?q=70',0,1749,100,'Men Solid Pure Cotton Straight Kurta',4),(53,'COMBRAIDED','Dark Blue','2024-01-08 11:15:46.661543','A traditional garment embodying elegance and grace. Crafted from fine fabrics, it features intricate embroidery and a relaxed fit, providing comfort and style.',70,449,'https://rukminim1.flixcart.com/image/612/612/xif0q/kurta/u/g/z/xl-8button-kurta-elepants-original-imagk57kfg2bwvhd.jpeg?q=70',0,1499,100,'Men Solid Cotton Blend Straight Kurta',4),(54,'FOLGEN','Yellow','2024-01-08 11:15:46.670548','A traditional garment embodying elegance and grace. Crafted from fine fabrics, it features intricate embroidery and a relaxed fit, providing comfort and style.',70,385,'https://rukminim1.flixcart.com/image/612/612/xif0q/kurta/7/b/q/xl-short-button-yellow-101-deal4mens-original-imagf6nzhwufyygg.jpeg?q=70',0,1299,100,'Men Solid Cotton Blend Straight Kurta',4),(55,'Tap in','Orange','2024-01-08 11:15:46.677547','A traditional garment embodying elegance and grace. Crafted from fine fabrics, it features intricate embroidery and a relaxed fit, providing comfort and style.',73,395,'https://rukminim1.flixcart.com/image/612/612/l3lx8cw0/kurta/d/o/m/l-kurta-mr-button-tap-in-original-imagezztuysgufsh.jpeg?q=70',0,1495,100,'Men Solid Cotton Blend Straight Kurta',4),(56,'FUBAR','Dark Blue','2024-01-08 11:15:46.690556','A traditional garment embodying elegance and grace. Crafted from fine fabrics, it features intricate embroidery and a relaxed fit, providing comfort and style.',75,399,'https://rukminim1.flixcart.com/image/612/612/xif0q/kurta/a/m/4/xl-sksh-dt1105-navy-fubar-original-imafuyzzh7fx6kaw-bb.jpeg?q=70',0,1648,100,'Men Printed Cotton Blend Straight Kurta',4),(57,'Vida Loca','White','2024-01-08 11:15:46.696309','A traditional garment embodying elegance and grace. Crafted from fine fabrics, it features intricate embroidery and a relaxed fit, providing comfort and style.',76,599,'https://rukminim1.flixcart.com/image/612/612/xif0q/kurta/7/m/3/xxl-vlsd-a0ltpk-vida-loca-original-imagk5ggvxf97dwz.jpeg?q=70',0,2499,100,'Men Solid Pure Cotton Straight Kurta',4),(58,'Vida Loca','White','2024-01-08 11:15:46.707310','A traditional garment embodying elegance and grace. Crafted from fine fabrics, it features intricate embroidery and a relaxed fit, providing comfort and style.',74,629,'https://rukminim1.flixcart.com/image/612/612/kxkqavk0/kurta/l/w/t/xxl-vlsd-a0lt-vida-loca-original-imagay8hcrqax2uv.jpeg?q=70',0,2499,100,'Men Self Design Pure Cotton Straight Kurta',4),(59,'Nofilter','White','2024-01-08 11:15:46.714420','A traditional garment embodying elegance and grace. Crafted from fine fabrics, it features intricate embroidery and a relaxed fit, providing comfort and style.',75,370,'https://rukminim1.flixcart.com/image/612/612/xif0q/kurta/n/p/q/xxl-white-kurta-lilen-spoque-original-imagnk2zzcgqst3r.jpeg?q=70',0,1499,100,'Men Solid Pure Cotton Straight Kurta',4),(60,'KSH Trendz','Yellow','2024-01-08 11:15:46.722420','A traditional garment embodying elegance and grace. Crafted from fine fabrics, it features intricate embroidery and a relaxed fit, providing comfort and style.',75,363,'https://rukminim1.flixcart.com/image/612/612/xif0q/kurta/l/9/r/xxl-ksh-p-kurta-yellow-ksh-trendz-original-imafyq4h7q5gpkzk-bb.jpeg?q=70',0,1499,100,'Men Solid Cotton Blend Straight Kurta',4),(61,'Vida Loca','Beige','2024-01-08 11:15:46.728744','A traditional garment embodying elegance and grace. Crafted from fine fabrics, it features intricate embroidery and a relaxed fit, providing comfort and style.',74,629,'https://rukminim1.flixcart.com/image/612/612/kxkqavk0/kurta/c/p/f/xxl-vlsd-a0lt-vida-loca-original-imagay8hjdc9cdzh.jpeg?q=70',0,2499,100,'Men Self Design Pure Cotton Straight Kurta',4),(62,'Vida Loca','Light Blue','2024-01-08 11:15:46.737429','A traditional garment embodying elegance and grace. Crafted from fine fabrics, it features intricate embroidery and a relaxed fit, providing comfort and style.',74,629,'https://rukminim1.flixcart.com/image/612/612/xif0q/kurta/5/w/o/l-vlsd-a0lt-vida-loca-original-imagay8hg3nydjuh-bb.jpeg?q=70',0,2499,100,'Men Self Design Pure Cotton Straight Kurta',4),(63,'FUBAR','Purple','2024-01-08 11:15:46.745459','A traditional garment embodying elegance and grace. Crafted from fine fabrics, it features intricate embroidery and a relaxed fit, providing comfort and style.',75,399,'https://rukminim1.flixcart.com/image/612/612/xif0q/kurta/v/7/w/xl-sksh-dt1105-pur-fubar-original-imafuy3z57uqgdrp-bb.jpeg?q=70',0,1648,100,'Men Printed Cotton Blend Straight Kurta',4),(64,'Majestic Man','Pink','2024-01-08 11:15:46.755459','A traditional garment embodying elegance and grace. Crafted from fine fabrics, it features intricate embroidery and a relaxed fit, providing comfort and style.',66,499,'https://rukminim1.flixcart.com/image/612/612/kfpq5jk0-0/kurta/e/g/i/m-kast109pp-majestic-man-original-imafw49u8vyzygpn.jpeg?q=70',0,1499,100,'Men Solid Pure Cotton Straight Kurta',4),(65,'KSH Trendz','Yellow','2024-01-08 11:15:46.762459','A traditional garment embodying elegance and grace. Crafted from fine fabrics, it features intricate embroidery and a relaxed fit, providing comfort and style.',82,265,'https://rukminim1.flixcart.com/image/612/612/xif0q/kurta/y/r/m/xxs-sada-plain-kurta-ksh-trendz-original-imag4baggdt7txju-bb.jpeg?q=70',0,1499,100,'Men Solid Cotton Blend Straight Kurta',4),(66,'ARMAAN ETHNIC','Blue','2024-01-08 11:15:46.771459','A traditional garment embodying elegance and grace. Crafted from fine fabrics, it features intricate embroidery and a relaxed fit, providing comfort and style.',75,483,'https://rukminim1.flixcart.com/image/612/612/xif0q/kurta/t/g/w/xxl-ae08sk42-blue-aew-designs-original-imagg8npatfky9wg.jpeg?q=70',0,1999,100,'Men Self Design Cotton Blend Straight Kurta',4),(67,'Majestic Man','Light Green','2024-01-08 11:15:46.777347','A traditional garment embodying elegance and grace. Crafted from fine fabrics, it features intricate embroidery and a relaxed fit, providing comfort and style.',66,499,'https://rukminim1.flixcart.com/image/612/612/xif0q/kurta/b/0/5/m-kast-fern-lit-green-majestic-man-original-imagzrafzhtbnz7s.jpeg?q=70',0,1499,100,'Men Printed Pure Cotton Straight Kurta',4),(68,'Majestic Man','Orange','2024-01-08 11:15:46.786118','A traditional garment embodying elegance and grace. Crafted from fine fabrics, it features intricate embroidery and a relaxed fit, providing comfort and style.',66,499,'https://rukminim1.flixcart.com/image/612/612/xif0q/kurta/e/o/4/m-kast-hukum-orange-majestic-man-original-imagzra2fzadkyrz.jpeg?q=70',0,1499,100,'Men Printed Pure Cotton Straight Kurta',4),(69,'FUBAR','Maroon','2024-01-08 11:15:46.793919','A traditional garment embodying elegance and grace. Crafted from fine fabrics, it features intricate embroidery and a relaxed fit, providing comfort and style.',75,399,'https://rukminim1.flixcart.com/image/612/612/xif0q/kurta/s/p/a/l-kcsh-krt-103-mao-fubar-original-imag7fpesvngbwyy-bb.jpeg?q=70',0,1648,100,'Men Printed Cotton Blend Straight Kurta',4),(70,'allan peter','Pink','2024-01-08 11:15:46.801878','A traditional garment embodying elegance and grace. Crafted from fine fabrics, it features intricate embroidery and a relaxed fit, providing comfort and style.',74,449,'https://rukminim1.flixcart.com/image/612/612/xif0q/kurta/8/u/r/xl-sws2701-allan-peter-original-imafvxcfcsg4dzab-bb.jpeg?q=70',0,1749,100,'Men Solid Pure Cotton Straight Kurta',4),(71,'DEEMOON','Dark Blue','2024-01-08 11:15:46.808879','A traditional garment embodying elegance and grace. Crafted from fine fabrics, it features intricate embroidery and a relaxed fit, providing comfort and style.',70,468,'https://rukminim1.flixcart.com/image/612/612/xif0q/kurta/x/u/y/s-smpl04-deemoon-original-imagk5mnr9ufeha2.jpeg?q=70',0,1599,100,'Men Floral Print Cotton Blend Straight Kurta',4),(72,'allan peter','Dark Blue','2024-01-08 11:15:46.816536','A traditional garment embodying elegance and grace. Crafted from fine fabrics, it features intricate embroidery and a relaxed fit, providing comfort and style.',71,499,'https://rukminim1.flixcart.com/image/612/612/xif0q/kurta/z/l/b/xl-grey-sws2902-allan-peter-original-imag3y6tzaaxwkhy-bb.jpeg?q=70',0,1749,100,'Men Printed Pure Cotton Straight Kurta',4),(73,'More & More','Yellow','2024-01-08 11:15:46.824536','A traditional garment embodying elegance and grace. Crafted from fine fabrics, it features intricate embroidery and a relaxed fit, providing comfort and style.',78,467,'https://rukminim1.flixcart.com/image/612/612/xif0q/kurta/e/j/j/l-jcardkurta-yellow-divra-clothing-original-imaggjhfgjqhuwtk.jpeg?q=70',0,2199,100,'Men Self Design Cotton Blend Straight Kurta',4),(74,'SG LEMAN','Gold','2024-01-08 11:15:46.831540','A traditional garment embodying elegance and grace. Crafted from fine fabrics, it features intricate embroidery and a relaxed fit, providing comfort and style.',67,810,'https://rukminim1.flixcart.com/image/612/612/xif0q/kurta/o/u/d/s-up-kurta-31035-phone-sg-leman-original-imagzu7tgzgtmnvb.jpeg?q=70',0,2499,100,'Men Printed Pure Silk Straight Kurta',4),(75,'ALY JOHN','Maroon','2024-01-08 11:15:46.839540','A traditional garment embodying elegance and grace. Crafted from fine fabrics, it features intricate embroidery and a relaxed fit, providing comfort and style.',62,478,'https://rukminim1.flixcart.com/image/612/612/kybvo280/kurta/v/i/i/xxl-aly2502-aly-john-original-imagah6me94dugrs.jpeg?q=70',0,1279,100,'Men Solid Pure Cotton Straight Kurta',4),(76,'FUBAR','Black','2024-01-08 11:15:46.846958','A traditional garment embodying elegance and grace. Crafted from fine fabrics, it features intricate embroidery and a relaxed fit, providing comfort and style.',75,399,'https://rukminim1.flixcart.com/image/612/612/xif0q/kurta/6/y/v/m-sksh-dt1105-black-fubar-original-imag4cpwzmhbufg4-bb.jpeg?q=70',0,1648,100,'Men Striped Cotton Blend Straight Kurta',4),(77,'Manthan','Orange','2024-01-08 11:15:46.855957','A traditional garment embodying elegance and grace. Crafted from fine fabrics, it features intricate embroidery and a relaxed fit, providing comfort and style.',27,948,'https://rukminim1.flixcart.com/image/612/612/l3khsi80/kurta/1/c/6/l-mtml0042-328-manthan-original-imagenvzkm3v9vxh.jpeg?q=70',0,1299,100,'Men Printed Cotton Blend Ethnic Dress',4),(78,'Vida Loca','Multicolor','2024-01-08 11:15:46.862273','A traditional garment embodying elegance and grace. Crafted from fine fabrics, it features intricate embroidery and a relaxed fit, providing comfort and style.',60,994,'https://rukminim1.flixcart.com/image/612/612/xif0q/kurta/s/w/c/xl-vlmk-combzip02-vida-loca-original-imagkc4hhm4fxhjb.jpeg?q=70',0,2499,100,'Pack of 2 Men Solid Pure Cotton Straight Kurta',4),(79,'SPOQUE','Pink','2024-01-08 11:15:46.872273','A traditional garment embodying elegance and grace. Crafted from fine fabrics, it features intricate embroidery and a relaxed fit, providing comfort and style.',75,362,'https://rukminim1.flixcart.com/image/612/612/xif0q/kurta/t/j/u/s-pink-kurta-lilen-spoque-original-imagnfkwk5gpfmzx.jpeg?q=70',0,1499,100,'Men Solid Pure Cotton Straight Kurta',4),(80,'Nofilter','White','2024-01-08 11:15:46.880273','A traditional garment embodying elegance and grace. Crafted from fine fabrics, it features intricate embroidery and a relaxed fit, providing comfort and style.',75,393,'https://rukminim1.flixcart.com/image/612/612/xif0q/kurta/x/f/6/xxl-new-white-nofilter-original-imaghzggudfezpr8.jpeg?q=70',0,1599,100,'Men Solid Pure Cotton Straight Kurta',4),(81,'El Senor','white','2024-01-08 11:15:51.990770','A traditional garment embodying elegance and grace. Crafted from fine fabrics, it features intricate embroidery and a relaxed fit, providing comfort and style.',76,299,'https://rukminim1.flixcart.com/image/612/612/k4d27ww0/shirt/q/w/t/l-el024-el-senor-original-imafnadnjp5pq6tg.jpeg?q=70',0,1299,100,'Men Regular Fit Solid Cut Away Collar Formal Shirt',5),(82,'youth first','white','2024-01-08 11:15:52.009253','A traditional garment embodying elegance and grace. Crafted from fine fabrics, it features intricate embroidery and a relaxed fit, providing comfort and style.',66,299,'https://rukminim1.flixcart.com/image/612/612/xif0q/shirt/f/z/l/m-white-formal-youthfirst-original-imagqjdfgwjfwgsb.jpeg?q=70',0,899,100,'Men Regular Fit Solid Curved Collar Formal Shirt',5),(83,'VTEXX','white','2024-01-08 11:15:52.016825','A traditional garment embodying elegance and grace. Crafted from fine fabrics, it features intricate embroidery and a relaxed fit, providing comfort and style.',76,299,'https://rukminim1.flixcart.com/image/612/612/xif0q/shirt/i/a/z/4xl-white-vtexx-original-imagnzecssjs3y9g.jpeg?q=70',0,1299,100,'Men Regular Fit Solid Cut Away Collar Formal Shirt',5),(84,'PETER ENGLAND','white','2024-01-08 11:15:52.025825','A traditional garment embodying elegance and grace. Crafted from fine fabrics, it features intricate embroidery and a relaxed fit, providing comfort and style.',45,879,'https://rukminim1.flixcart.com/image/612/612/xif0q/shirt/j/x/v/-original-imaghrnsfvbhrsny.jpeg?q=70',0,1599,100,'Men Regular Fit Checkered Spread Collar Formal Shirt',5),(85,'FUBAR','white','2024-01-08 11:15:52.033830','A traditional garment embodying elegance and grace. Crafted from fine fabrics, it features intricate embroidery and a relaxed fit, providing comfort and style.',74,419,'https://rukminim1.flixcart.com/image/612/612/xif0q/shirt/7/k/2/xl-kcsh-fo-1647-ma-fubar-original-imaghehzpwgjzg2y.jpeg?q=70',0,1648,100,'Men Slim Fit Solid Spread Collar Formal Shirt',5),(86,'MILDIN','white','2024-01-08 11:15:52.043824','A traditional garment embodying elegance and grace. Crafted from fine fabrics, it features intricate embroidery and a relaxed fit, providing comfort and style.',69,399,'https://rukminim1.flixcart.com/image/612/612/xif0q/shirt/x/m/n/40-men-regular-slim-fit-solid-button-down-collar-formal-shirt-original-imagf4mn9zg7qrmf-bb.jpeg?q=70',0,1299,100,'Men Slim Fit Solid Spread Collar Formal Shirt',5),(87,'VeBNoR','white','2024-01-08 11:15:52.051755','A traditional garment embodying elegance and grace. Crafted from fine fabrics, it features intricate embroidery and a relaxed fit, providing comfort and style.',79,379,'https://rukminim1.flixcart.com/image/612/612/xif0q/shirt/z/q/n/l-frml-st2-vebnor-original-imagqwyfw9gguwvc.jpeg?q=70',0,1849,100,'Men Regular Fit Solid Button Down Collar Formal Shirt',5),(88,'BK BRAND','white','2024-01-08 11:15:52.059849','A traditional garment embodying elegance and grace. Crafted from fine fabrics, it features intricate embroidery and a relaxed fit, providing comfort and style.',50,498,'https://rukminim1.flixcart.com/image/612/612/xif0q/shirt/w/0/g/xl-bkchx3-bk-brand-original-imagqfdgf3s6fefd.jpeg?q=70',0,999,100,'Men Regular Fit Checkered Spread Collar Formal Shirt',5),(89,'3BROS','white','2024-01-08 11:15:52.073186','A traditional garment embodying elegance and grace. Crafted from fine fabrics, it features intricate embroidery and a relaxed fit, providing comfort and style.',50,499,'https://rukminim1.flixcart.com/image/612/612/l13whow0/shirt/p/3/a/44-dbhs1703-01-3bros-original-imagcr4fhjtjcyqw.jpeg?q=70',0,799,100,'Men Regular Fit Solid Spread Collar Formal Shirt',5),(90,'3BROS','white','2024-01-08 11:15:52.078854','A traditional garment embodying elegance and grace. Crafted from fine fabrics, it features intricate embroidery and a relaxed fit, providing comfort and style.',72,499,'https://rukminim1.flixcart.com/image/612/612/xif0q/shirt/5/7/k/m-dbfs1703-01-3bros-original-imagbghcf5bg3zwm-bb.jpeg?q=70',0,1799,100,'Men Regular Fit Solid Spread Collar Formal Shirt',5),(91,'STONEBERG','white','2024-01-08 11:15:52.085855','A traditional garment embodying elegance and grace. Crafted from fine fabrics, it features intricate embroidery and a relaxed fit, providing comfort and style.',74,409,'https://rukminim1.flixcart.com/image/612/612/l3t2fm80/shirt/k/q/h/l-r-white-stoneberg-original-imageum3rhbkphxd.jpeg?q=70',0,1599,100,'Men Slim Fit Solid Spread Collar Formal Shirt',5),(92,'Refresh','white','2024-01-08 11:15:52.092930','A traditional garment embodying elegance and grace. Crafted from fine fabrics, it features intricate embroidery and a relaxed fit, providing comfort and style.',55,449,'https://rukminim1.flixcart.com/image/612/612/ksdjma80/shirt/f/2/i/xl-men-solid-casual-shirt-refresh-original-imag5ymxgwqgx62k.jpeg?q=70',0,999,100,'Men Regular Fit Solid Spread Collar Formal Shirt',5),(93,'ARROW','white','2024-01-08 11:15:52.099222','A traditional garment embodying elegance and grace. Crafted from fine fabrics, it features intricate embroidery and a relaxed fit, providing comfort and style.',62,949,'https://rukminim1.flixcart.com/image/612/612/xif0q/shirt/d/d/y/-original-imagp8qe6mzhmydv.jpeg?q=70',0,2499,100,'Men Slim Fit Self Design Cut Away Collar Formal Shirt',5),(94,'PETER ENGLAND','white','2024-01-08 11:15:52.106966','A traditional garment embodying elegance and grace. Crafted from fine fabrics, it features intricate embroidery and a relaxed fit, providing comfort and style.',50,899,'https://rukminim1.flixcart.com/image/612/612/xif0q/shirt/j/b/f/40-peshwnupy62747-peter-england-original-imagpzhh3kvah5ut.jpeg?q=70',0,1799,100,'Men Regular Fit Checkered Formal Shirt',5),(95,'VAN HEUSEN','white','2024-01-08 11:15:52.114665','A traditional garment embodying elegance and grace. Crafted from fine fabrics, it features intricate embroidery and a relaxed fit, providing comfort and style.',62,1099,'https://rukminim1.flixcart.com/image/612/612/xif0q/shirt/l/j/u/40-vhsflcufm32037-van-heusen-original-imaggb9fhs7rfggd.jpeg?q=70',0,2799,100,'Men Regular Fit Checkered Spread Collar Formal Shirt',5),(96,'ARROW','white','2024-01-08 11:15:52.121664','A traditional garment embodying elegance and grace. Crafted from fine fabrics, it features intricate embroidery and a relaxed fit, providing comfort and style.',62,911,'https://rukminim1.flixcart.com/image/612/612/xif0q/shirt/u/e/j/40-aradosh1241-arrow-original-imagp7tyb6kkzzem.jpeg?q=70',0,2399,100,'Men Slim Fit Printed Cut Away Collar Formal Shirt',5),(97,'3BROS','white','2024-01-08 11:15:52.128665','A traditional garment embodying elegance and grace. Crafted from fine fabrics, it features intricate embroidery and a relaxed fit, providing comfort and style.',72,499,'https://rukminim1.flixcart.com/image/612/612/xif0q/shirt/2/5/5/m-hs-printed-3bros-original-imaggxfcyyb8ggcw.jpeg?q=70',0,1799,100,'Men Regular Fit Printed Spread Collar Formal Shirt',5),(98,'V-MART','white','2024-01-08 11:15:52.136665','A traditional garment embodying elegance and grace. Crafted from fine fabrics, it features intricate embroidery and a relaxed fit, providing comfort and style.',16,499,'https://rukminim1.flixcart.com/image/612/612/xif0q/shirt/t/l/y/s-523299-v-mart-original-imagjyhuccmdw98h.jpeg?q=70',0,960,100,'Men Regular Fit Solid Spread Collar Formal Shirt',5),(99,'PETER ENGLAND','white','2024-01-08 11:15:52.143665','A traditional garment embodying elegance and grace. Crafted from fine fabrics, it features intricate embroidery and a relaxed fit, providing comfort and style.',40,719,'https://rukminim1.flixcart.com/image/612/612/kxf0jgw0/shirt/l/p/v/42-pesfonubc93225-peter-england-original-imag9vp36vthbdbq.jpeg?q=70',0,1199,100,'Men Regular Fit Solid Spread Collar Formal Shirt',5),(100,'PETER ENGLAND','white','2024-01-08 11:15:52.151666','A traditional garment embodying elegance and grace. Crafted from fine fabrics, it features intricate embroidery and a relaxed fit, providing comfort and style.',50,899,'https://rukminim1.flixcart.com/image/612/612/xif0q/shirt/0/h/v/40-peshwnufw80868-peter-england-original-imagpmdjdpj9rdzc.jpeg?q=70',0,1799,100,'Men Regular Fit Checkered Formal Shirt',5),(101,'NIVICK','white','2024-01-08 11:15:52.159665','A traditional garment embodying elegance and grace. Crafted from fine fabrics, it features intricate embroidery and a relaxed fit, providing comfort and style.',66,499,'https://rukminim1.flixcart.com/image/612/612/kxrvi4w0/shirt/s/f/5/l-nvk-mand-nivick-original-imaga5qasjycs4ey.jpeg?q=70',0,1499,100,'Men Slim Fit Solid Mandarin Collar Formal Shirt',5),(102,'UNICONIC','whitePack of 2','2024-01-08 11:15:52.165665','A traditional garment embodying elegance and grace. Crafted from fine fabrics, it features intricate embroidery and a relaxed fit, providing comfort and style.',46,799,'https://rukminim1.flixcart.com/image/612/612/xif0q/shirt/b/v/p/xl-jiodfgvmnjioefkllklhndgv-pockman-original-imagphvmxtgrbcga.jpeg?q=70',0,1499,100,'Men Slim Fit Solid Spread Collar Formal Shirt',5),(103,'FUBAR','white','2024-01-08 11:15:52.175665','A traditional garment embodying elegance and grace. Crafted from fine fabrics, it features intricate embroidery and a relaxed fit, providing comfort and style.',74,419,'https://rukminim1.flixcart.com/image/612/612/xif0q/shirt/g/b/b/xl-kcsh-mln-1647-wh-fubar-original-imagmpn3bhqckxvj.jpeg?q=70',0,1648,100,'Men Slim Fit Solid Spread Collar Formal Shirt',5),(104,'ARROW','white','2024-01-08 11:15:52.181597','A traditional garment embodying elegance and grace. Crafted from fine fabrics, it features intricate embroidery and a relaxed fit, providing comfort and style.',62,949,'https://rukminim1.flixcart.com/image/612/612/xif0q/shirt/n/b/d/-original-imagz3jbhdvxfpkp.jpeg?q=70',0,2499,100,'Men Slim Fit Checkered Spread Collar Formal Shirt',5),(105,'PETER ENGLAND','white','2024-01-08 11:15:52.189596','A traditional garment embodying elegance and grace. Crafted from fine fabrics, it features intricate embroidery and a relaxed fit, providing comfort and style.',50,799,'https://rukminim1.flixcart.com/image/612/612/xif0q/shirt/l/k/9/40-pesfoslh871453-peter-england-original-imagp9zeq4yfdyzc.jpeg?q=70',0,1599,100,'Men Slim Fit Printed Formal Shirt',5),(106,'VAN HEUSEN','white','2024-01-08 11:15:52.196517','A traditional garment embodying elegance and grace. Crafted from fine fabrics, it features intricate embroidery and a relaxed fit, providing comfort and style.',45,149,'https://rukminim1.flixcart.com/image/612/612/xif0q/shirt/i/k/g/44-vhsfbslbe51125-van-heusen-original-imaggav5mhzg359d.jpeg?q=70',0,2599,100,'Men Slim Fit Solid Spread Collar Formal Shirt',5),(107,'Don Vino','white','2024-01-08 11:15:52.205517','A traditional garment embodying elegance and grace. Crafted from fine fabrics, it features intricate embroidery and a relaxed fit, providing comfort and style.',56,649,'https://rukminim1.flixcart.com/image/612/612/xif0q/shirt/d/u/z/42-7176-don-vino-original-imagzdwbntyrbhuf.jpeg?q=70',0,1499,100,'Men Regular Fit Striped Spread Collar Formal Shirt',5),(108,'3BROS','white','2024-01-08 11:15:52.212299','A traditional garment embodying elegance and grace. Crafted from fine fabrics, it features intricate embroidery and a relaxed fit, providing comfort and style.',50,499,'https://rukminim1.flixcart.com/image/612/612/l13whow0/shirt/p/3/a/44-dbhs1703-01-3bros-original-imagcr4fhjtjcyqw.jpeg?q=70',0,990,100,'Men Regular Fit Solid Spread Collar Formal Shirt',5),(109,'PETER ENGLAND','white','2024-01-08 11:15:52.222299','A traditional garment embodying elegance and grace. Crafted from fine fabrics, it features intricate embroidery and a relaxed fit, providing comfort and style.',40,959,'https://rukminim1.flixcart.com/image/612/612/xif0q/shirt/b/8/l/40-pesfwslp166652-peter-england-original-imagppkng4xknhhz.jpeg?q=70',0,1599,100,'Men Slim Fit Solid Formal Shirt',5),(110,'FIBERMILL','white','2024-01-08 11:15:52.229075','A traditional garment embodying elegance and grace. Crafted from fine fabrics, it features intricate embroidery and a relaxed fit, providing comfort and style.',75,399,'https://rukminim1.flixcart.com/image/612/612/l02r1jk0/shirt/3/f/g/l-fbrml-r-fibermill-original-imagbxyujjfqtkyj.jpeg?q=70',0,1599,100,'Men Regular Fit Solid Spread Collar Formal Shirt',5),(111,'THESMOKE','white','2024-01-08 11:15:52.238261','A traditional garment embodying elegance and grace. Crafted from fine fabrics, it features intricate embroidery and a relaxed fit, providing comfort and style.',40,599,'https://rukminim1.flixcart.com/image/612/612/xif0q/shirt/i/5/1/2xl-regular-thesmoke-original-imagkxegg6bf6hdn.jpeg?q=70',0,899,100,'Men Regular Fit Solid Formal Shirt',5),(112,'THESMOKE','white','2024-01-08 11:15:52.245109','A traditional garment embodying elegance and grace. Crafted from fine fabrics, it features intricate embroidery and a relaxed fit, providing comfort and style.',37,620,'https://rukminim1.flixcart.com/image/612/612/l4hcx3k0/shirt/d/5/s/m-th-smok-07-thesmoke-original-imagfdpsya5gghxt.jpeg?q=70',0,699,100,'Men Regular Fit Solid Formal Shirt',5),(113,'PETER ENGLAND','white','2024-01-08 11:15:52.254109','A traditional garment embodying elegance and grace. Crafted from fine fabrics, it features intricate embroidery and a relaxed fit, providing comfort and style.',53,751,'https://rukminim1.flixcart.com/image/612/612/xif0q/shirt/a/p/f/-original-imaghrnsmt48qmfm.jpeg?q=70',0,1599,100,'Men Regular Fit Solid Spread Collar Formal Shirt',5),(114,'ARROW','white','2024-01-08 11:15:52.260439','A traditional garment embodying elegance and grace. Crafted from fine fabrics, it features intricate embroidery and a relaxed fit, providing comfort and style.',60,919,'https://rukminim1.flixcart.com/image/612/612/xif0q/shirt/x/a/j/50-araesh0081-arrow-original-imaghszdnwydngzu.jpeg?q=70',0,2299,100,'Men Regular Fit Solid Spread Collar Formal Shirt',5),(115,'PETER ENGLAND','white','2024-01-08 11:15:52.268738','A traditional garment embodying elegance and grace. Crafted from fine fabrics, it features intricate embroidery and a relaxed fit, providing comfort and style.',40,719,'https://rukminim1.flixcart.com/image/612/612/xif0q/shirt/u/o/c/40-pesfonub175471-peter-england-original-imagm5zqbwuhpy3j.jpeg?q=70',0,1199,100,'Men Regular Fit Solid Spread Collar Formal Shirt',5),(116,'Calvin Klein Jeans','white','2024-01-08 11:15:52.276111','A traditional garment embodying elegance and grace. Crafted from fine fabrics, it features intricate embroidery and a relaxed fit, providing comfort and style.',25,4499,'https://rukminim1.flixcart.com/image/612/612/xif0q/shirt/z/k/b/40-k10k1105590g0-calvin-klein-jeans-original-imagga3egpkyhxbh.jpeg?q=70',0,5999,100,'Men Slim Fit Striped Button Down Collar Formal Shirt',5),(117,'NIVICK','white','2024-01-08 11:15:52.289112','A traditional garment embodying elegance and grace. Crafted from fine fabrics, it features intricate embroidery and a relaxed fit, providing comfort and style.',66,499,'https://rukminim1.flixcart.com/image/612/612/l15bxjk0/shirt/0/m/v/s-nvk-mand-nivick-original-imagcrw6hxz2ye7r.jpeg?q=70',0,1499,100,'Men Slim Fit Solid Mandarin Collar Formal Shirt',5),(118,'Alpesh','white','2024-01-08 11:15:52.300112','A traditional garment embodying elegance and grace. Crafted from fine fabrics, it features intricate embroidery and a relaxed fit, providing comfort and style.',57,420,'https://rukminim1.flixcart.com/image/612/612/xif0q/shirt/8/a/d/xxl-aone-01-alpesh-original-imagzbnhcrz9dknk.jpeg?q=70',0,999,100,'Men Regular Fit Solid Spread Collar Formal Shirt',5),(119,'VAN HEUSEN','white','2024-01-08 11:15:52.313265','A traditional garment embodying elegance and grace. Crafted from fine fabrics, it features intricate embroidery and a relaxed fit, providing comfort and style.',47,1099,'https://rukminim1.flixcart.com/image/612/612/xif0q/shirt/m/b/m/-original-imagn5gt84cx4pgg.jpeg?q=70',0,1999,100,'Men Slim Fit Checkered Spread Collar Formal Shirt',5),(120,'PETER ENGLAND','white','2024-01-08 11:15:52.325265','A traditional garment embodying elegance and grace. Crafted from fine fabrics, it features intricate embroidery and a relaxed fit, providing comfort and style.',40,839,'https://rukminim1.flixcart.com/image/612/612/kxrvi4w0/shirt/v/k/d/38-pesfoslb493283-peter-england-original-imaga5p5shuyv6u5.jpeg?q=70',0,1399,100,'Men Slim Fit Solid Spread Collar Formal Shirt',5),(121,'AstonBlue','Yellow','2024-01-08 11:16:12.308818','Yellow Readymade Lehenga in Net fabric  The Lehenga is embellished with Mirrorwork embroidery Accompanied with an Readymade blouse and dupattaComes with the Koskii promise of premium quality',10,3999,'https://rukminim1.flixcart.com/imageUrl/612/612/xif0q/lehenga-choli/u/g/a/free-half-sleeve-vbnd-fddj-astonblue-original-imagp286bmcaabbj.jpeg?q=70',0,8999,100,'Self Design Semi Stitched Lehenga Choli',8),(122,'Aarvia','yellow','2024-01-08 11:17:32.254974','A traditional garment embodying elegance and grace. Crafted from fine fabrics, it features intricate embroidery and a relaxed fit, providing comfort and style.',65,699,'https://rukminim1.flixcart.com/image/612/612/xif0q/dress/a/x/z/l-na-awd-19-yellow-aarvia-original-imagzffm3bkyzup2.jpeg?q=70',0,1999,100,'Women Bodycon Yellow Dress',10),(123,'Aarvia','yellow','2024-01-08 11:17:32.274434','A traditional garment embodying elegance and grace. Crafted from fine fabrics, it features intricate embroidery and a relaxed fit, providing comfort and style.',65,699,'https://rukminim1.flixcart.com/image/612/612/xif0q/dress/h/m/h/xl-na-awd-23-yellow-aarvia-original-imagzfs6ykq3z7jw.jpeg?q=70',0,1999,100,'Women Bodycon Yellow Dress',10),(124,'Sheetal Associates','yellow','2024-01-08 11:17:32.284401','A traditional garment embodying elegance and grace. Crafted from fine fabrics, it features intricate embroidery and a relaxed fit, providing comfort and style.',77,459,'https://rukminim1.flixcart.com/image/612/612/xif0q/dress/h/l/3/xxl-6101-sheetal-associates-original-imagmnemtrdhgrnc.jpeg?q=70',0,1999,100,'Women Fit and Flare Yellow, White, Green Dress',10),(125,'Sheetal Associates','yellow','2024-01-08 11:17:32.290400','A traditional garment embodying elegance and grace. Crafted from fine fabrics, it features intricate embroidery and a relaxed fit, providing comfort and style.',77,459,'https://rukminim1.flixcart.com/image/612/612/kt0enww0/dress/2/d/p/xxl-1091-sheetal-associates-original-imag6g4n7qhwesad.jpeg?q=70',0,1999,100,'Women Fit and Flare Yellow Dress',10),(126,'AAYU','yellow','2024-01-08 11:17:32.298400','A traditional garment embodying elegance and grace. Crafted from fine fabrics, it features intricate embroidery and a relaxed fit, providing comfort and style.',71,420,'https://rukminim1.flixcart.com/image/612/612/xif0q/dress/f/z/y/l-aa-00153-yellow-aayu-original-imagz848vwz3hsgm.jpeg?q=70',0,1499,100,'Women A-line Yellow Dress',10),(127,'Janasya','yellow','2024-01-08 11:17:32.305868','A traditional garment embodying elegance and grace. Crafted from fine fabrics, it features intricate embroidery and a relaxed fit, providing comfort and style.',66,902,'https://rukminim1.flixcart.com/image/612/612/l51d30w0/dress/h/a/w/xl-j0433-dr-janasya-original-imagfsu9ghjsjhgz.jpeg?q=70',0,2689,100,'Women Fit and Flare Yellow Dress',10),(128,'SHRI RADHA RANI CREATIONS','yellow','2024-01-08 11:17:32.311869','A traditional garment embodying elegance and grace. Crafted from fine fabrics, it features intricate embroidery and a relaxed fit, providing comfort and style.',81,549,'https://rukminim1.flixcart.com/image/612/612/xif0q/dress/3/9/c/m-552-sanwariya-creation-original-imagqsmykwmkg9yr.jpeg?q=70',0,2999,100,'Women A-line Yellow Dress',10),(129,'Aarvia','yellow','2024-01-08 11:17:32.319868','A traditional garment embodying elegance and grace. Crafted from fine fabrics, it features intricate embroidery and a relaxed fit, providing comfort and style.',65,699,'https://rukminim1.flixcart.com/image/612/612/xif0q/dress/w/p/e/l-na-av-dress-6071-yellow-aarvia-original-imagzbzycshx3thh.jpeg?q=70',0,1999,100,'Women Bodycon Yellow Dress',10),(130,'Tokyo Talkies','yellow','2024-01-08 11:17:32.326867','A traditional garment embodying elegance and grace. Crafted from fine fabrics, it features intricate embroidery and a relaxed fit, providing comfort and style.',70,329,'https://rukminim1.flixcart.com/image/612/612/kwtkxow0/dress/5/o/q/xl-ttj6006065-tokyo-talkies-original-imag9ewa6fedyzsk.jpeg?q=70',0,1099,100,'Women Ribbed Yellow Dress',10),(131,'Rudraaksha','yellow','2024-01-08 11:17:32.334170','A traditional garment embodying elegance and grace. Crafted from fine fabrics, it features intricate embroidery and a relaxed fit, providing comfort and style.',80,380,'https://rukminim1.flixcart.com/image/612/612/xif0q/dress/g/d/b/xl-rddr-012-rudraaksha-original-imafthtx7pmhabpy-bb.jpeg?q=70',0,1999,100,'Women Maxi Yellow Dress With Mask',10),(132,'Aarvia','yellow','2024-01-08 11:17:32.340251','A traditional garment embodying elegance and grace. Crafted from fine fabrics, it features intricate embroidery and a relaxed fit, providing comfort and style.',65,699,'https://rukminim1.flixcart.com/image/612/612/xif0q/dress/s/0/l/s-na-awd-17-yellow-aarvia-original-imagzextmwheznnz.jpeg?q=70',0,1999,100,'Women Bodycon Yellow Dress',10),(133,'Aarvia','yellow','2024-01-08 11:17:32.347823','A traditional garment embodying elegance and grace. Crafted from fine fabrics, it features intricate embroidery and a relaxed fit, providing comfort and style.',65,699,'https://rukminim1.flixcart.com/image/612/612/xif0q/dress/n/m/a/m-na-lt-4013-wdress-mehandi-hirlax-original-imagz5zfkyzhrfkz.jpeg?q=70',0,1999,100,'Women Bodycon Yellow Dress',10),(134,'Tokyo Talkies','yellow','2024-01-08 11:17:32.353820','A traditional garment embodying elegance and grace. Crafted from fine fabrics, it features intricate embroidery and a relaxed fit, providing comfort and style.',65,374,'https://rukminim1.flixcart.com/image/612/612/kv9urgw0/dress/7/x/t/m-ttj6005885-tokyo-talkies-original-imag87wh5zqaf2tf.jpeg?q=70',0,1099,100,'Women Skater Yellow Dress',10),(135,'NE STYLE','yellow','2024-01-08 11:17:32.360820','A traditional garment embodying elegance and grace. Crafted from fine fabrics, it features intricate embroidery and a relaxed fit, providing comfort and style.',75,499,'https://rukminim1.flixcart.com/image/612/612/xif0q/dress/z/m/o/xl-puff-sleeve-dress-ne-style-original-imagqx42dqmhsvdq.jpeg?q=70',0,1999,100,'Women Pleated Yellow Dress',10),(136,'Tokyo Talkies','yellow','2024-01-08 11:17:32.369822','A traditional garment embodying elegance and grace. Crafted from fine fabrics, it features intricate embroidery and a relaxed fit, providing comfort and style.',70,494,'https://rukminim1.flixcart.com/image/612/612/kx6fwcw0/dress/r/x/y/m-ttj6006050-tokyo-talkies-original-imag9zsgggfjn7yz.jpeg?q=70',0,1649,100,'Women Skater Yellow Dress',10),(137,'Tokyo Talkies','yellow','2024-01-08 11:17:32.377408','A traditional garment embodying elegance and grace. Crafted from fine fabrics, it features intricate embroidery and a relaxed fit, providing comfort and style.',72,672,'https://rukminim1.flixcart.com/image/612/612/kzpw2vk0/dress/d/p/n/s-ttj6006310-tokyo-talkies-original-imagbz26jhxynkcd.jpeg?q=70',0,2449,100,'Women Maxi Yellow Dress',10),(138,'Aarvia','yellow','2024-01-08 11:17:32.384686','A traditional garment embodying elegance and grace. Crafted from fine fabrics, it features intricate embroidery and a relaxed fit, providing comfort and style.',65,699,'https://rukminim1.flixcart.com/image/612/612/xif0q/dress/j/6/6/l-na-awd-21-yellow-aarvia-original-imagzf28ezdjs5ht.jpeg?q=70',0,1999,100,'Women Bodycon Yellow Dress',10),(139,'VISHVAA ENTERPRISE','yellow','2024-01-08 11:17:32.389750','A traditional garment embodying elegance and grace. Crafted from fine fabrics, it features intricate embroidery and a relaxed fit, providing comfort and style.',80,678,'https://rukminim1.flixcart.com/image/612/612/xif0q/dress/l/i/8/s-ah-west-01-yellow-anaghan-original-imagkzh9pdgqegms.jpeg?q=70',0,3390,100,'Women Drop Waist Yellow Dress',10),(140,'FALTOOO FASHION','yellow','2024-01-08 11:17:32.397753','A traditional garment embodying elegance and grace. Crafted from fine fabrics, it features intricate embroidery and a relaxed fit, providing comfort and style.',20,399,'https://rukminim1.flixcart.com/image/612/612/xif0q/dress/q/3/h/m-a-midi-01-kaver-original-imagmyfjjzveg7as.jpeg?q=70',0,499,100,'Women Bodycon Yellow Dress',10),(141,'dyrectdeals','yellow','2024-01-08 11:17:32.404490','A traditional garment embodying elegance and grace. Crafted from fine fabrics, it features intricate embroidery and a relaxed fit, providing comfort and style.',82,379,'https://rukminim1.flixcart.com/image/612/612/xif0q/gown/w/s/8/na-s-full-sleeve-stitched-gown-maxi-3-dyrectdeals-na-original-imafzub25yz8gg9k-bb.jpeg?q=70',0,2199,100,'Women Maxi White, Black, Yellow Dress',10),(142,'SASSAFRAS','yellow','2024-01-08 11:17:32.411493','A traditional garment embodying elegance and grace. Crafted from fine fabrics, it features intricate embroidery and a relaxed fit, providing comfort and style.',65,594,'https://rukminim1.flixcart.com/image/612/612/xif0q/dress/c/y/j/-original-imagq647gjg7ad7a.jpeg?q=70',0,1699,100,'Women Wrap White, Brown, Yellow Dress',10),(143,'Tokyo Talkies','yellow','2024-01-08 11:17:32.419821','A traditional garment embodying elegance and grace. Crafted from fine fabrics, it features intricate embroidery and a relaxed fit, providing comfort and style.',65,244,'https://rukminim1.flixcart.com/image/612/612/kzegk280/dress/a/1/2/l-ttj6006608-tokyo-talkies-original-imagbfyrhdraabse.jpeg?q=70',0,699,100,'Women Ribbed Yellow Dress',10),(144,'Tokyo Talkies','yellow','2024-01-08 11:17:32.425787','A traditional garment embodying elegance and grace. Crafted from fine fabrics, it features intricate embroidery and a relaxed fit, providing comfort and style.',69,666,'https://rukminim1.flixcart.com/image/612/612/l3khsi80/dress/w/t/z/xl-ttj6007157-tokyo-talkies-original-imagenvazfrdygvu.jpeg?q=70',0,2149,100,'Women Maxi Yellow Dress',10),(145,'AASK','yellow','2024-01-08 11:17:32.433787','A traditional garment embodying elegance and grace. Crafted from fine fabrics, it features intricate embroidery and a relaxed fit, providing comfort and style.',80,499,'https://rukminim1.flixcart.com/image/612/612/kuh9yfk0/dress/v/w/p/m-ut-2002-aask-original-imag7hzrbggpwxk7.jpeg?q=70',0,2599,100,'Women Pleated Yellow Dress',10),(146,'SHRI RADHA RANI CREATIONS','yellow','2024-01-08 11:17:32.439702','A traditional garment embodying elegance and grace. Crafted from fine fabrics, it features intricate embroidery and a relaxed fit, providing comfort and style.',81,549,'https://rukminim1.flixcart.com/image/612/612/xif0q/dress/3/9/c/m-552-sanwariya-creation-original-imagqsmykwmkg9yr.jpeg?q=70',0,2999,100,'Women A-line Yellow Dress',10),(147,'SUBH LAXMI','yellow','2024-01-08 11:17:32.446634','A traditional garment embodying elegance and grace. Crafted from fine fabrics, it features intricate embroidery and a relaxed fit, providing comfort and style.',75,399,'https://rukminim1.flixcart.com/image/612/612/xif0q/dress/y/u/c/m-mat-subh-laxmi-original-imagnh3ksegj6zhu.jpeg?q=70',0,1599,100,'Women Fit and Flare Dark Green, Yellow Dress',10),(148,'Vishudh','yellow','2024-01-08 11:17:32.453154','A traditional garment embodying elegance and grace. Crafted from fine fabrics, it features intricate embroidery and a relaxed fit, providing comfort and style.',69,895,'https://rukminim1.flixcart.com/image/612/612/xif0q/dress/d/k/4/l-vnds000269-vishudh-original-imaggef7kfhdmrsy.jpeg?q=70',0,2899,100,'Women Ethnic Dress Maroon, Yellow Dress',10),(149,'Tokyo Talkies','yellow','2024-01-08 11:17:32.459319','A traditional garment embodying elegance and grace. Crafted from fine fabrics, it features intricate embroidery and a relaxed fit, providing comfort and style.',61,443,'https://rukminim1.flixcart.com/image/612/612/k0y6cnk0/dress/g/h/w/m-ttj6004108-tokyo-talkies-original-imafkmhnsjhfawvj.jpeg?q=70',0,1149,100,'Women A-line Yellow Dress',10),(150,'SHREEJI ENTERPRISE','yellow','2024-01-08 11:17:32.467317','A traditional garment embodying elegance and grace. Crafted from fine fabrics, it features intricate embroidery and a relaxed fit, providing comfort and style.',61,389,'https://rukminim1.flixcart.com/image/612/612/l2nmnww0/dress/p/7/i/xl-g-westrn-finenx-original-imagdy3p67zxwpyj.jpeg?q=70',0,999,100,'Women A-line Dark Blue, Yellow Dress',10),(151,'Tokyo Talkies','yellow','2024-01-08 11:17:32.473472','A traditional garment embodying elegance and grace. Crafted from fine fabrics, it features intricate embroidery and a relaxed fit, providing comfort and style.',70,464,'https://rukminim1.flixcart.com/image/612/612/xif0q/dress/z/c/s/s-ttj6005472-tokyo-talkies-original-imafxfpc5mka5gtf-bb.jpeg?q=70',0,1549,100,'Women A-line Yellow Dress',10),(152,'Fashion2wear','yellow','2024-01-08 11:17:32.480472','A traditional garment embodying elegance and grace. Crafted from fine fabrics, it features intricate embroidery and a relaxed fit, providing comfort and style.',55,449,'https://rukminim1.flixcart.com/image/612/612/xif0q/dress/r/w/n/3xl-ww119-zoya-clothing-original-imafzqbxzxfdsk5z-bb.jpeg?q=70',0,999,100,'Women Maxi Yellow Dress',10),(153,'Tokyo Talkies','yellow','2024-01-08 11:17:32.487253','A traditional garment embodying elegance and grace. Crafted from fine fabrics, it features intricate embroidery and a relaxed fit, providing comfort and style.',70,374,'https://rukminim1.flixcart.com/image/612/612/xif0q/dress/o/y/l/l-na-ttj6008100-tokyo-talkies-original-imagz4rfctcugvgx.jpeg?q=70',0,1249,100,'Women Skater Yellow Dress',10),(154,'Rudraaksha','yellow','2024-01-08 11:17:32.493275','A traditional garment embodying elegance and grace. Crafted from fine fabrics, it features intricate embroidery and a relaxed fit, providing comfort and style.',81,366,'https://rukminim1.flixcart.com/image/612/612/xif0q/dress/v/a/v/xxl-drdrmsk-07-rudraaksha-original-imaftfczy2we9gq3-bb.jpeg?q=70',0,1999,100,'Women Fit and Flare Yellow Dress With Mask',10),(155,'Oomph!','yellow','2024-01-08 11:17:32.500276','A traditional garment embodying elegance and grace. Crafted from fine fabrics, it features intricate embroidery and a relaxed fit, providing comfort and style.',79,479,'https://rukminim1.flixcart.com/image/612/612/xif0q/dress/j/b/o/xs-md326-oomph-original-imag7fz4tx3n4mza-bb.jpeg?q=70',0,2330,100,'Women Ruffled Yellow Dress',10),(156,'Selvia','yellow','2024-01-08 11:17:32.506818','A traditional garment embodying elegance and grace. Crafted from fine fabrics, it features intricate embroidery and a relaxed fit, providing comfort and style.',77,459,'https://rukminim1.flixcart.com/image/612/612/xif0q/dress/4/p/u/xl-120tkr2664-selvia-original-imafzagghj6fbfdj-bb.jpeg?q=70',0,1997,100,'Women High Low Yellow, White Dress',10),(157,'SLENOR','yellow','2024-01-08 11:17:32.514818','A traditional garment embodying elegance and grace. Crafted from fine fabrics, it features intricate embroidery and a relaxed fit, providing comfort and style.',65,854,'https://rukminim1.flixcart.com/image/612/612/xif0q/dress/b/x/s/xl-sn-dr-74-slenor-original-imag7emersm9wkgs-bb.jpeg?q=70',0,2499,100,'Women Pleated Yellow Dress',10),(158,'PRETTY LOVING THING','yellow','2024-01-08 11:17:32.520819','A traditional garment embodying elegance and grace. Crafted from fine fabrics, it features intricate embroidery and a relaxed fit, providing comfort and style.',58,537,'https://rukminim1.flixcart.com/image/612/612/ksyz8280/dress/q/w/e/s-pltsk002mustard-pretty-loving-thing-original-imag6fyhghchymyd.jpeg?q=70',0,1299,100,'Women Two Piece Dress Yellow Dress',10),(159,'Ishin','yellow','2024-01-08 11:17:32.527078','A traditional garment embodying elegance and grace. Crafted from fine fabrics, it features intricate embroidery and a relaxed fit, providing comfort and style.',76,1299,'https://rukminim1.flixcart.com/image/612/612/krayqa80/kurta/w/2/n/l-kpmqr-10079-ishin-original-imag54bfp9zhbx3j.jpeg?q=70',0,5299,100,'Women Fit and Flare Yellow Dress',10),(160,'SASSAFRAS','yellow','2024-01-08 11:17:32.535079','A traditional garment embodying elegance and grace. Crafted from fine fabrics, it features intricate embroidery and a relaxed fit, providing comfort and style.',55,794,'https://rukminim1.flixcart.com/image/612/612/xif0q/dress/r/m/a/-original-imagq647zh53qpa8.jpeg?q=70',0,1799,100,'Women Skater Yellow Dress',10),(161,'AAYU','yellow','2024-01-08 11:17:32.541208','A traditional garment embodying elegance and grace. Crafted from fine fabrics, it features intricate embroidery and a relaxed fit, providing comfort and style.',66,669,'https://rukminim1.flixcart.com/image/612/612/xif0q/dress/a/r/8/s-aa-00191-yellow-aayu-original-imagmncgchemsmc4.jpeg?q=70',0,1999,100,'Women Fit and Flare Yellow, White, Black Dress',10),(162,'A C CREATION','gray','2024-01-08 11:17:37.338546','A traditional garment embodying elegance and grace. Crafted from fine fabrics, it features intricate embroidery and a relaxed fit, providing comfort and style.',66,474,'https://rukminim1.flixcart.com/image/612/612/kggviq80-0/jean/d/j/v/30-xj-37-gry-30-zxn-clothing-original-imafwp9gnqtwwebg.jpeg?q=70',0,1399,100,'Women Slim Mid Rise Grey Jeans',11),(163,'Crazeis','gray','2024-01-08 11:17:37.368695','A traditional garment embodying elegance and grace. Crafted from fine fabrics, it features intricate embroidery and a relaxed fit, providing comfort and style.',47,899,'https://rukminim1.flixcart.com/image/612/612/xif0q/jean/p/z/m/38-wjn-1205n-gy-glossia-original-imagmf7kcq7gyj23.jpeg?q=70',0,1699,100,'Women Boyfriend High Rise Grey Jeans',11),(164,'TYFFYN','gray','2024-01-08 11:17:37.382282','A traditional garment embodying elegance and grace. Crafted from fine fabrics, it features intricate embroidery and a relaxed fit, providing comfort and style.',66,499,'https://rukminim1.flixcart.com/image/612/612/xif0q/jean/d/6/z/28-women-single-jeans-tyffyn-original-imag5c6fwqfyjerg-bb.jpeg?q=70',0,1499,100,'Women Slim Mid Rise Grey Jeans',11),(165,'KOTTY','gray','2024-01-08 11:17:37.388240','A traditional garment embodying elegance and grace. Crafted from fine fabrics, it features intricate embroidery and a relaxed fit, providing comfort and style.',68,629,'https://rukminim1.flixcart.com/image/612/612/xif0q/jean/a/d/p/m-kttladiesjeans916-kotty-original-imagajtbhqsckbhr-bb.jpeg?q=70',0,1999,100,'Women Regular High Rise Grey Jeans',11),(166,'TYFFYN','gray','2024-01-08 11:17:37.398239','A traditional garment embodying elegance and grace. Crafted from fine fabrics, it features intricate embroidery and a relaxed fit, providing comfort and style.',66,499,'https://rukminim1.flixcart.com/image/612/612/kflftzk0-0/jean/d/m/x/28-3button-grey-embdz-tyffyn-original-imafwyffaauagzf4.jpeg?q=70',0,1499,100,'Women Slim Mid Rise Grey Jeans',11),(167,'Tokyo Talkies','gray','2024-01-08 11:17:37.404268','A traditional garment embodying elegance and grace. Crafted from fine fabrics, it features intricate embroidery and a relaxed fit, providing comfort and style.',69,577,'https://rukminim1.flixcart.com/image/612/612/kerfl3k0hlty2aw-0/jean/l/s/a/28-1-ttjn001632-tokyo-talkies-original-imafvekyzvsna2ac.jpeg?q=70',0,1899,100,'Women Super Skinny Mid Rise Grey Jeans',11),(168,'URBAN A-LINE','gray','2024-01-08 11:17:37.409322','A traditional garment embodying elegance and grace. Crafted from fine fabrics, it features intricate embroidery and a relaxed fit, providing comfort and style.',63,479,'https://rukminim1.flixcart.com/image/612/612/xif0q/jean/e/y/n/30-women-fitted-jeans-urban-a-line-original-imagqzfzgvyb6zrx.jpeg?q=70',0,1299,100,'Women Slim Mid Rise Grey Jeans',11),(169,'Crazeis','gray','2024-01-08 11:17:37.416565','A traditional garment embodying elegance and grace. Crafted from fine fabrics, it features intricate embroidery and a relaxed fit, providing comfort and style.',52,719,'https://rukminim1.flixcart.com/image/612/612/xif0q/jean/l/k/h/42-wj1-5105-gy-robecult-original-imagq4ye3qqyag29.jpeg?q=70',0,1499,100,'Women Slim High Rise Grey Jeans',11),(170,'KOTTY','gray','2024-01-08 11:17:37.422233','A traditional garment embodying elegance and grace. Crafted from fine fabrics, it features intricate embroidery and a relaxed fit, providing comfort and style.',79,629,'https://rukminim1.flixcart.com/image/612/612/xif0q/jean/n/a/h/32-kttladiesjeans847-kotty-original-imagyt4g6dunaggu-bb.jpeg?q=70',0,2999,100,'Women Regular High Rise Grey Jeans',11),(171,'LEVI\'S','gray','2024-01-08 11:17:37.428501','A traditional garment embodying elegance and grace. Crafted from fine fabrics, it features intricate embroidery and a relaxed fit, providing comfort and style.',50,1399,'https://rukminim1.flixcart.com/image/612/612/xif0q/jean/z/f/o/28-21306-0559-levi-s-original-imaghzt3ymyd7jhg.jpeg?q=70',0,2699,100,'711 Women Skinny Mid Rise Grey Jeans',11),(172,'Lzard','gray','2024-01-08 11:17:37.434495','A traditional garment embodying elegance and grace. Crafted from fine fabrics, it features intricate embroidery and a relaxed fit, providing comfort and style.',78,494,'https://rukminim1.flixcart.com/image/612/612/xif0q/jean/w/e/7/38-lj084b4-lzard-original-imagzvcwpffdwhfm.jpeg?q=70',0,2299,100,'Women Slim Mid Rise Grey Jeans',11),(173,'Crazeis','gray','2024-01-08 11:17:37.440850','A traditional garment embodying elegance and grace. Crafted from fine fabrics, it features intricate embroidery and a relaxed fit, providing comfort and style.',43,849,'https://rukminim1.flixcart.com/image/612/612/xif0q/jean/e/i/3/40-wj2-5105-gy-robecult-original-imagq5yybqf7fewc.jpeg?q=70',0,1499,100,'Women Skinny High Rise Grey Jeans',11),(174,'KASHIAN','gray','2024-01-08 11:17:37.449851','A traditional garment embodying elegance and grace. Crafted from fine fabrics, it features intricate embroidery and a relaxed fit, providing comfort and style.',66,499,'https://rukminim1.flixcart.com/image/612/612/xif0q/jean/o/o/g/30-j-1285-kashian-original-imagnyxkujgysfhd.jpeg?q=70',0,1499,100,'Women Boyfriend High Rise Grey Jeans',11),(175,'UrSense','gray','2024-01-08 11:17:37.456850','A traditional garment embodying elegance and grace. Crafted from fine fabrics, it features intricate embroidery and a relaxed fit, providing comfort and style.',61,840,'https://rukminim1.flixcart.com/image/612/612/xif0q/jean/y/e/p/34-urs-8017-grey-women-slim-fit-heavy-fade-jeans-ursense-original-imagzkfkujbfgk8g.jpeg?q=70',0,2199,100,'Women Slim Mid Rise Grey Jeans',11),(176,'SASSAFRAS','gray','2024-01-08 11:17:37.466851','A traditional garment embodying elegance and grace. Crafted from fine fabrics, it features intricate embroidery and a relaxed fit, providing comfort and style.',67,659,'https://rukminim1.flixcart.com/image/612/612/xif0q/jean/m/p/y/-original-imagq8sz6zbctnjz.jpeg?q=70',0,1999,100,'Women Regular High Rise Grey Jeans',11),(177,'KOTTY','gray','2024-01-08 11:17:37.475853','A traditional garment embodying elegance and grace. Crafted from fine fabrics, it features intricate embroidery and a relaxed fit, providing comfort and style.',68,629,'https://rukminim1.flixcart.com/image/612/612/xif0q/jean/y/z/1/30-kttwomensjeans706-kotty-original-imafyhrdkf9qmnts-bb.jpeg?q=70',0,1999,100,'Women Slim High Rise Grey Jeans',11),(178,'Perfect Outlet','gray','2024-01-08 11:17:37.485850','A traditional garment embodying elegance and grace. Crafted from fine fabrics, it features intricate embroidery and a relaxed fit, providing comfort and style.',50,499,'https://rukminim1.flixcart.com/image/612/612/xif0q/shopsy-jean/i/b/i/30-shop-veee-grey-perfect-fashion-original-imagqxydktmcktfz.jpeg?q=70',0,999,100,'Women Regular High Rise Grey Jeans',11),(179,'TYFFYN','gray','2024-01-08 11:17:37.494852','A traditional garment embodying elegance and grace. Crafted from fine fabrics, it features intricate embroidery and a relaxed fit, providing comfort and style.',66,499,'https://rukminim1.flixcart.com/image/612/612/kmgn0cw0/jean/u/k/b/34-women-2-button-denim-jeans-tyffyn-original-imagfcrxtqzhzgzr.jpeg?q=70',0,1499,100,'Women Slim Mid Rise Grey Jeans',11),(180,'Tokyo Talkies','gray','2024-01-08 11:17:37.507851','A traditional garment embodying elegance and grace. Crafted from fine fabrics, it features intricate embroidery and a relaxed fit, providing comfort and style.',73,550,'https://rukminim1.flixcart.com/image/612/612/l3t2fm80/jean/c/0/k/32-ttjn003161-tokyo-talkies-original-imageukg6m8eybh7.jpeg?q=70',0,2099,100,'Women Regular Mid Rise Grey Jeans',11),(181,'LEVI\'S','gray','2024-01-08 11:17:37.518850','A traditional garment embodying elegance and grace. Crafted from fine fabrics, it features intricate embroidery and a relaxed fit, providing comfort and style.',50,1399,'https://rukminim1.flixcart.com/image/612/612/xif0q/jean/3/8/g/28-21325-0300-levi-s-original-imaghztfgmqs5phg.jpeg?q=70',0,2699,100,'710 Women Super Skinny Mid Rise Grey Jeans',11),(182,'Tokyo Talkies','gray','2024-01-08 11:17:37.529852','A traditional garment embodying elegance and grace. Crafted from fine fabrics, it features intricate embroidery and a relaxed fit, providing comfort and style.',69,577,'https://rukminim1.flixcart.com/image/612/612/kzn17680/jean/v/p/r/-original-imagbhuhgwhyjqzy.jpeg?q=70',0,1899,100,'Women Boyfriend Mid Rise Grey Jeans',11),(183,'KOTTY','gray','2024-01-08 11:17:37.537851','A traditional garment embodying elegance and grace. Crafted from fine fabrics, it features intricate embroidery and a relaxed fit, providing comfort and style.',84,629,'https://rukminim1.flixcart.com/image/612/612/xif0q/jean/q/4/g/40-kttladiesjeans938-kotty-original-imagcfpjyxzukdxp-bb.jpeg?q=70',0,3999,100,'Women Regular High Rise Grey Jeans',11),(184,'PERFECT FASHION','gray','2024-01-08 11:17:37.547852','A traditional garment embodying elegance and grace. Crafted from fine fabrics, it features intricate embroidery and a relaxed fit, providing comfort and style.',50,499,'https://rukminim1.flixcart.com/image/612/612/xif0q/shopsy-jean/v/t/b/28-shop-veee-grey-shelook-original-imagqxyqwvzyznrh.jpeg?q=70',0,999,100,'Women Regular High Rise Grey Jeans',11),(185,'Tokyo Talkies','gray','2024-01-08 11:17:37.560852','A traditional garment embodying elegance and grace. Crafted from fine fabrics, it features intricate embroidery and a relaxed fit, providing comfort and style.',69,672,'https://rukminim1.flixcart.com/image/612/612/kzx1a4w0/jean/n/b/u/34-ttjn003068-tokyo-talkies-original-imagbtg8zjebmjhg.jpeg?q=70',0,2199,100,'Women Jogger Fit Mid Rise Grey Jeans',11),(186,'KOTTY','gray','2024-01-08 11:17:37.572852','A traditional garment embodying elegance and grace. Crafted from fine fabrics, it features intricate embroidery and a relaxed fit, providing comfort and style.',68,629,'https://rukminim1.flixcart.com/image/612/612/xif0q/jean/b/p/p/26-kttladiesjeans669-kotty-original-imafuzrryqgubvdw-bb.jpeg?q=70',0,1999,100,'Women Flared High Rise Grey Jeans',11),(187,'KOTTY','gray','2024-01-08 11:17:37.584851','A traditional garment embodying elegance and grace. Crafted from fine fabrics, it features intricate embroidery and a relaxed fit, providing comfort and style.',68,629,'https://rukminim1.flixcart.com/image/612/612/xif0q/jean/1/q/t/30-kttladiesjeans1023-kotty-original-imaghfbmbpcyq8wr.jpeg?q=70',0,1999,100,'Women Regular High Rise Grey Jeans',11),(188,'UrSense','gray','2024-01-08 11:17:37.597853','A traditional garment embodying elegance and grace. Crafted from fine fabrics, it features intricate embroidery and a relaxed fit, providing comfort and style.',61,840,'https://rukminim1.flixcart.com/image/612/612/xif0q/jean/y/e/p/34-urs-8017-grey-women-slim-fit-heavy-fade-jeans-ursense-original-imagzkfkujbfgk8g.jpeg?q=70',0,2199,100,'Women Slim Mid Rise Grey Jeans',11),(189,'Live Ok','gray','2024-01-08 11:17:37.606162','A traditional garment embodying elegance and grace. Crafted from fine fabrics, it features intricate embroidery and a relaxed fit, providing comfort and style.',80,399,'https://rukminim1.flixcart.com/image/612/612/xif0q/jean/t/q/h/30-2211-grey-live-ok-original-imagk6dqs8qtyd3c.jpeg?q=70',0,2000,100,'Women Boyfriend High Rise Grey Jeans',11),(190,'Tokyo Talkies','gray','2024-01-08 11:17:37.616861','A traditional garment embodying elegance and grace. Crafted from fine fabrics, it features intricate embroidery and a relaxed fit, providing comfort and style.',69,577,'https://rukminim1.flixcart.com/image/612/612/kzzw5u80/jean/s/z/m/30-ttjn003074-tokyo-talkies-original-imagbvuba2gpgubn.jpeg?q=70',0,1899,100,'Women Jogger Fit Mid Rise Grey Jeans',11),(191,'MTCFASHIONPOINT','gray','2024-01-08 11:17:37.624861','A traditional garment embodying elegance and grace. Crafted from fine fabrics, it features intricate embroidery and a relaxed fit, providing comfort and style.',80,498,'https://rukminim1.flixcart.com/image/612/612/xif0q/jean/i/m/d/32-women-5button-denim-jeans-mtcfashionpoint-original-imagkf45gpxbyhfq.jpeg?q=70',0,2499,100,'Women Super Skinny High Rise Grey Jeans',11),(192,'TYFFYN','gray','2024-01-08 11:17:37.633861','A traditional garment embodying elegance and grace. Crafted from fine fabrics, it features intricate embroidery and a relaxed fit, providing comfort and style.',66,499,'https://rukminim1.flixcart.com/image/612/612/xif0q/jean/i/5/u/24-tyffyn-one-button-highrise-grey-women-jeans-tyffyn-original-imag9tjyrk2hgj9t-bb.jpeg?q=70',0,1499,100,'Women Skinny Mid Rise Grey Jeans',11),(193,'LEVI\'S','gray','2024-01-08 11:17:37.640326','A traditional garment embodying elegance and grace. Crafted from fine fabrics, it features intricate embroidery and a relaxed fit, providing comfort and style.',55,1249,'https://rukminim1.flixcart.com/image/612/612/xif0q/jean/z/c/d/28-21325-0301-levi-s-original-imaghckgjxwmxas2.jpeg?q=70',0,2699,100,'710 Women Super Skinny Mid Rise Grey Jeans',11),(194,'Tokyo Talkies','gray','2024-01-08 11:17:37.648326','A traditional garment embodying elegance and grace. Crafted from fine fabrics, it features intricate embroidery and a relaxed fit, providing comfort and style.',69,607,'https://rukminim1.flixcart.com/image/612/612/l09w8sw0/jean/p/i/q/32-ttjn003215-tokyo-talkies-original-imagc3zsvpr4dbnp.jpeg?q=70',0,1999,100,'Women Regular Mid Rise Grey Jeans',11),(195,'Tokyo Talkies','gray','2024-01-08 11:17:37.654281','A traditional garment embodying elegance and grace. Crafted from fine fabrics, it features intricate embroidery and a relaxed fit, providing comfort and style.',69,577,'https://rukminim1.flixcart.com/image/612/612/xif0q/jean/l/w/4/28-ttjn001159-tokyo-talkies-original-imafwyergh9whmrs-bb.jpeg?q=70',0,1899,100,'Women Super Skinny Mid Rise Grey Jeans',11),(196,'JustFaith','gray','2024-01-08 11:17:37.660604','A traditional garment embodying elegance and grace. Crafted from fine fabrics, it features intricate embroidery and a relaxed fit, providing comfort and style.',75,449,'https://rukminim1.flixcart.com/image/612/612/kaijgy80/jean/n/w/3/44-basic-jns-15-grey-justfaith-original-imafs2z6ybhyqgmh.jpeg?q=70',0,1799,100,'Women Slim Mid Rise Grey Jeans',11),(197,'KOTTY','gray','2024-01-08 11:17:37.667954','A traditional garment embodying elegance and grace. Crafted from fine fabrics, it features intricate embroidery and a relaxed fit, providing comfort and style.',84,629,'https://rukminim1.flixcart.com/image/612/612/l0pm3680/jean/j/e/v/40-kttladiesjeans941-kotty-original-imagcfpjjahexvxb.jpeg?q=70',0,3999,100,'Women Regular High Rise Grey Jeans',11),(198,'Tokyo Talkies','gray','2024-01-08 11:17:37.674955','A traditional garment embodying elegance and grace. Crafted from fine fabrics, it features intricate embroidery and a relaxed fit, providing comfort and style.',70,479,'https://rukminim1.flixcart.com/image/612/612/kx3l0nk0/jean/z/r/e/32-ttjn002932-tokyo-talkies-original-imag9mgagvguxs8x.jpeg?q=70',0,1599,100,'Women Boyfriend Mid Rise Grey Jeans',11),(199,'Tokyo Talkies','gray','2024-01-08 11:17:37.682121','A traditional garment embodying elegance and grace. Crafted from fine fabrics, it features intricate embroidery and a relaxed fit, providing comfort and style.',69,577,'https://rukminim1.flixcart.com/image/612/612/xif0q/jean/j/m/k/34-ttjn001867-tokyo-talkies-original-imafgmanhz8wakyq-bb.jpeg?q=70',0,1899,100,'Women Boot-Leg Mid Rise Grey Jeans',11),(200,'Tokyo Talkies','gray','2024-01-08 11:17:37.688860','A traditional garment embodying elegance and grace. Crafted from fine fabrics, it features intricate embroidery and a relaxed fit, providing comfort and style.',73,686,'https://rukminim1.flixcart.com/image/612/612/xif0q/jean/c/b/e/26-ttjn003390-tokyo-talkies-original-imaghv7epbfwsdze.jpeg?q=70',0,2599,100,'Women Regular Mid Rise Grey Jeans',11),(201,'flying girls','gray','2024-01-08 11:17:37.694861','A traditional garment embodying elegance and grace. Crafted from fine fabrics, it features intricate embroidery and a relaxed fit, providing comfort and style.',72,489,'https://rukminim1.flixcart.com/image/612/612/l0sgyvk0/jean/b/7/n/28-1706-flying-girls-original-imagcgahtagymjcn.jpeg?q=70',0,1799,100,'Women Jogger Fit High Rise Grey Jeans',11),(202,'Madstitches Apparels Private Limited','white','2024-01-08 11:17:42.023984','A traditional garment embodying elegance and grace. Crafted from fine fabrics, it features intricate embroidery and a relaxed fit, providing comfort and style.',80,449,'https://rukminim1.flixcart.com/image/612/612/xif0q/top/8/t/m/xxl-amrcrochetlacetop-madstitches-apparels-private-limited-original-imagr39r3kfmb5vy.jpeg?q=70',0,2500,100,'Party Regular Sleeves Floral Print, Printed Women White...',12),(203,'Aelomart','white','2024-01-08 11:17:42.045102','A traditional garment embodying elegance and grace. Crafted from fine fabrics, it features intricate embroidery and a relaxed fit, providing comfort and style.',60,499,'https://rukminim1.flixcart.com/image/612/612/kflftzk0/top/q/t/m/l-aw-2081w-aelomart-original-imafwyzhw8t2npsk.jpeg?q=70',0,1599,100,'Casual Regular Sleeves Solid Women White Top',12),(204,'Tokyo Talkies','white','2024-01-08 11:17:42.052533','A traditional garment embodying elegance and grace. Crafted from fine fabrics, it features intricate embroidery and a relaxed fit, providing comfort and style.',60,419,'https://rukminim1.flixcart.com/image/612/612/ke1pnrk0/top/p/p/z/xl-tttp003846-tokyo-talkies-original-imafutjsuhhacuev.jpeg?q=70',0,1049,100,'Casual Regular Sleeves Solid Women White Top',12),(205,'THE DRY STATE','white','2024-01-08 11:17:42.057645','A traditional garment embodying elegance and grace. Crafted from fine fabrics, it features intricate embroidery and a relaxed fit, providing comfort and style.',70,399,'https://rukminim1.flixcart.com/image/612/612/xif0q/t-shirt/1/d/2/s-3813-the-dry-state-original-imagcfh833gdjeem-bb.jpeg?q=70',0,1399,100,'Women Printed Round Neck Pure Cotton White T-Shirt',12),(206,'Young trendz','white','2024-01-08 11:17:42.066644','A traditional garment embodying elegance and grace. Crafted from fine fabrics, it features intricate embroidery and a relaxed fit, providing comfort and style.',80,354,'https://rukminim1.flixcart.com/image/612/612/ky1vl3k0/t-shirt/f/u/6/m-2co-w-regular-must-blk-young-trendz-original-imagadhfgte57e67.jpeg?q=70',0,2069,100,'Pack of 2 Women Solid Round Neck Pure Cotton White, Bla...',12),(207,'LEVI\'S','white','2024-01-08 11:17:42.071821','A traditional garment embodying elegance and grace. Crafted from fine fabrics, it features intricate embroidery and a relaxed fit, providing comfort and style.',50,649,'https://rukminim1.flixcart.com/image/612/612/xif0q/t-shirt/y/q/g/-original-imagmh86zacftnyd.jpeg?q=70',0,1299,100,'Women Graphic Print Crew Neck Pure Cotton White T-Shirt',12),(208,'Universaloutfit','white','2024-01-08 11:17:42.079684','A traditional garment embodying elegance and grace. Crafted from fine fabrics, it features intricate embroidery and a relaxed fit, providing comfort and style.',5,199,'https://rukminim1.flixcart.com/image/612/612/xif0q/shopsy-top/l/3/f/l-shopsytee-sofia-white-dream-beauty-fashion-original-imagkmdhh7sdxyhg.jpeg?q=70',0,211,100,'Casual Puff Sleeves Solid Women White Top',12),(209,'Madstitches Apparels Private Limited','white','2024-01-08 11:17:42.086684','A traditional garment embodying elegance and grace. Crafted from fine fabrics, it features intricate embroidery and a relaxed fit, providing comfort and style.',80,426,'https://rukminim1.flixcart.com/image/612/612/xif0q/top/u/z/r/xxl-1-amrpuffsleevecoffeegoldtop-aishu-fabric-original-imagr3zvntgfa3s8.jpeg?q=70',0,2500,100,'Party Regular Sleeves Floral Print, Printed Women White...',12),(210,'JUNEBERRY','white','2024-01-08 11:17:42.091910','A traditional garment embodying elegance and grace. Crafted from fine fabrics, it features intricate embroidery and a relaxed fit, providing comfort and style.',70,349,'https://rukminim1.flixcart.com/image/612/612/krtjgcw0/top/o/c/0/s-tsh-cartoon-wht-juneberry-original-imag5gqyp4xbsty4.jpeg?q=70',0,1199,100,'Women Printed Round Neck Pure Cotton White T-Shirt',12),(211,'RodZen','white','2024-01-08 11:17:42.098910','A traditional garment embodying elegance and grace. Crafted from fine fabrics, it features intricate embroidery and a relaxed fit, providing comfort and style.',70,404,'https://rukminim1.flixcart.com/image/612/612/xif0q/t-shirt/0/7/c/l-rzw01tiediewhite-rodzen-original-imagmptnf6adwuht.jpeg?q=70',0,1499,100,'Women Printed Round Neck Pure Cotton White T-Shirt',12),(212,'Madstitches Apparels Private Limited','white','2024-01-08 11:17:42.104167','A traditional garment embodying elegance and grace. Crafted from fine fabrics, it features intricate embroidery and a relaxed fit, providing comfort and style.',80,426,'https://rukminim1.flixcart.com/image/612/612/xif0q/top/4/r/b/s-1-amrfullsleeveblackgreytop-aishu-fabric-original-imagr3zv2kzvn9nv.jpeg?q=70',0,2500,100,'Party Regular Sleeves Floral Print, Printed Women White...',12),(213,'Madstitches Apparels Private Limited','white','2024-01-08 11:17:42.109407','A traditional garment embodying elegance and grace. Crafted from fine fabrics, it features intricate embroidery and a relaxed fit, providing comfort and style.',80,449,'https://rukminim1.flixcart.com/image/612/612/xif0q/top/6/o/5/xl-amrfullsleeveswhiteleafprinttop-keep-cart-original-imagqwxtjy3hjeft.jpeg?q=70',0,2500,100,'Party Regular Sleeves Floral Print, Printed Women White...',12),(214,'MARISY','white','2024-01-08 11:17:42.115406','A traditional garment embodying elegance and grace. Crafted from fine fabrics, it features intricate embroidery and a relaxed fit, providing comfort and style.',80,313,'https://rukminim1.flixcart.com/image/612/612/xif0q/top/k/k/z/xl-redflowertop-marisy-original-imagkrh7pctnp7df.jpeg?q=70',0,1699,100,'Casual Bell Sleeves Printed Women White, Pink Top',12),(215,'MARISY','white','2024-01-08 11:17:42.120738','A traditional garment embodying elegance and grace. Crafted from fine fabrics, it features intricate embroidery and a relaxed fit, providing comfort and style.',80,301,'https://rukminim1.flixcart.com/image/612/612/xif0q/top/o/k/z/xl-top006white-marisy-original-imaghje2qfppvkfw.jpeg?q=70',0,1899,100,'Casual Regular Sleeves Embroidered Women White Top',12),(216,'Tokyo Talkies','white','2024-01-08 11:17:42.126813','A traditional garment embodying elegance and grace. Crafted from fine fabrics, it features intricate embroidery and a relaxed fit, providing comfort and style.',60,384,'https://rukminim1.flixcart.com/image/612/612/km9ht3k0/shirt/s/q/j/xl-ttsh001102-tokyo-talkies-original-imagf7d2pwrheat5.jpeg?q=70',0,1099,100,'Women Regular Fit Solid Spread Collar Party Shirt',12),(217,'THE DRY STATE','white','2024-01-08 11:17:42.133813','A traditional garment embodying elegance and grace. Crafted from fine fabrics, it features intricate embroidery and a relaxed fit, providing comfort and style.',70,419,'https://rukminim1.flixcart.com/image/612/612/xif0q/t-shirt/i/l/w/m-3810-the-dry-state-original-imagmpta3phew4xg.jpeg?q=70',0,1399,100,'Women Tie & Dye Round Neck Pure Cotton Pink, White T-Sh...',12),(218,'Keep Cart','white','2024-01-08 11:17:42.140136','A traditional garment embodying elegance and grace. Crafted from fine fabrics, it features intricate embroidery and a relaxed fit, providing comfort and style.',80,449,'https://rukminim1.flixcart.com/image/612/612/xif0q/top/8/t/m/xxl-amrcrochetlacetop-madstitches-apparels-private-limited-original-imagr39r3kfmb5vy.jpeg?q=70',0,2500,100,'Party Regular Sleeves Floral Print, Printed Women White...',12),(219,'DRAPE AND DAZZLE','white','2024-01-08 11:17:42.147139','A traditional garment embodying elegance and grace. Crafted from fine fabrics, it features intricate embroidery and a relaxed fit, providing comfort and style.',30,749,'https://rukminim1.flixcart.com/image/612/612/xif0q/shirt/a/f/n/s-drape-003-d11-shirt-dds-drape-and-dazzle-original-imagjuh6jztge6un.jpeg?q=70',0,1199,100,'Women Regular Fit Solid Spread Collar Casual Shirt',12),(220,'Universaloutfit','white','2024-01-08 11:17:42.152532','A traditional garment embodying elegance and grace. Crafted from fine fabrics, it features intricate embroidery and a relaxed fit, providing comfort and style.',5,199,'https://rukminim1.flixcart.com/image/612/612/xif0q/shopsy-top/l/3/f/l-shopsytee-sofia-white-dream-beauty-fashion-original-imagkmdhh7sdxyhg.jpeg?q=70',0,211,100,'Casual Puff Sleeves Solid Women White Top',12),(221,'PRETTY LOVING THING','white','2024-01-08 11:17:42.158559','A traditional garment embodying elegance and grace. Crafted from fine fabrics, it features intricate embroidery and a relaxed fit, providing comfort and style.',60,394,'https://rukminim1.flixcart.com/image/612/612/kqfj1jk0/top/d/0/m/s-plt216whiteshirt-pretty-loving-thing-original-imag4fx8a85enrmg.jpeg?q=70',0,999,100,'Casual Regular Sleeves Floral Print Women White Top',12),(222,'CHACKO','white','2024-01-08 11:17:42.165558','A traditional garment embodying elegance and grace. Crafted from fine fabrics, it features intricate embroidery and a relaxed fit, providing comfort and style.',40,499,'https://rukminim1.flixcart.com/image/612/612/xif0q/top/f/u/f/s-women-s-fit-and-flare-midi-knee-length-cotton-dress-for-women-original-imagryjv5h9fsn6h.jpeg?q=70',0,899,100,'Casual Kaftan Sleeve Floral Print Women White Top',12),(223,'Keep Cart','white','2024-01-08 11:17:42.175588','A traditional garment embodying elegance and grace. Crafted from fine fabrics, it features intricate embroidery and a relaxed fit, providing comfort and style.',80,426,'https://rukminim1.flixcart.com/image/612/612/xif0q/top/p/h/8/s-1-amrpuffsleevewinepinktop-aishu-fabric-original-imagr3zvyhpzh7jy.jpeg?q=70',0,2500,100,'Party Regular Sleeves Floral Print, Printed Women White...',12),(224,'BASE 41','white','2024-01-08 11:17:42.182588','A traditional garment embodying elegance and grace. Crafted from fine fabrics, it features intricate embroidery and a relaxed fit, providing comfort and style.',70,280,'https://rukminim1.flixcart.com/image/612/612/kzu6efk0/t-shirt/a/z/g/xxl-soul-white-base-41-original-imagbre89wxce5rx.jpeg?q=70',0,999,100,'Women Solid Round Neck Cotton Blend White T-Shirt',12),(225,'Veirdo','white','2024-01-08 11:17:42.190589','A traditional garment embodying elegance and grace. Crafted from fine fabrics, it features intricate embroidery and a relaxed fit, providing comfort and style.',60,399,'https://rukminim1.flixcart.com/image/612/612/ksgehzk0/t-shirt/b/o/q/s-zebra-veirdo-original-imag6yt3sfgxuhtd.jpeg?q=70',0,1199,100,'Over Size T-shirt Women Printed Round Neck Pure Cotton ...',12),(226,'Jump Cuts','white','2024-01-08 11:17:42.198588','A traditional garment embodying elegance and grace. Crafted from fine fabrics, it features intricate embroidery and a relaxed fit, providing comfort and style.',80,263,'https://rukminim1.flixcart.com/image/612/612/xif0q/t-shirt/s/t/p/s-jc-wn22-rn-3-4th-ovrs-blk-wht-leaf-jump-cuts-original-imagk33hgfeucpby.jpeg?q=70',0,1399,100,'Women Self Design Round Neck Cotton Blend White, Black ...',12),(227,'CHOZI','white','2024-01-08 11:17:42.206587','A traditional garment embodying elegance and grace. Crafted from fine fabrics, it features intricate embroidery and a relaxed fit, providing comfort and style.',60,494,'https://rukminim1.flixcart.com/image/612/612/kyoqmq80/t-shirt/l/k/g/s-combo114-chozi-original-imagauyr9whfekkr.jpeg?q=70',0,1499,100,'Pack of 2 Women Printed Round Neck Cotton Blend White, ...',12),(228,'Keep Cart','white','2024-01-08 11:17:42.214587','A traditional garment embodying elegance and grace. Crafted from fine fabrics, it features intricate embroidery and a relaxed fit, providing comfort and style.',80,426,'https://rukminim1.flixcart.com/image/612/612/xif0q/top/4/r/b/s-1-amrfullsleeveblackgreytop-aishu-fabric-original-imagr3zv2kzvn9nv.jpeg?q=70',0,2500,100,'Party Regular Sleeves Floral Print, Printed Women White...',12),(229,'DRAPE AND DAZZLE','white','2024-01-08 11:17:42.220594','A traditional garment embodying elegance and grace. Crafted from fine fabrics, it features intricate embroidery and a relaxed fit, providing comfort and style.',50,649,'https://rukminim1.flixcart.com/image/612/612/xif0q/shirt/v/b/h/xl-drape-006-d11-shirt-dds-drape-and-dazzle-original-imagjuh6fhfwm85x.jpeg?q=70',0,1399,100,'Women Regular Fit Printed Spread Collar Casual Shirt',12),(230,'Leriya Fashion','white','2024-01-08 11:17:42.227363','A traditional garment embodying elegance and grace. Crafted from fine fabrics, it features intricate embroidery and a relaxed fit, providing comfort and style.',70,249,'https://rukminim1.flixcart.com/image/612/612/l2dmky80/t-shirt/1/v/f/l-t-shirt-leriya-fashion-original-imagdqkb5gbmew6g.jpeg?q=70',0,999,100,'Women Floral Print High Neck Cotton Blend White T-Shirt',12),(231,'Selvia','white','2024-01-08 11:17:42.235342','A traditional garment embodying elegance and grace. Crafted from fine fabrics, it features intricate embroidery and a relaxed fit, providing comfort and style.',70,499,'https://rukminim1.flixcart.com/image/612/612/xif0q/shirt/o/8/6/s-392tk294-selvia-original-imagg5gpbdzxgcwz.jpeg?q=70',0,2163,100,'Women Regular Fit Solid Spread Collar Casual Shirt',12),(232,'Keep Cart','white','2024-01-08 11:17:42.247344','A traditional garment embodying elegance and grace. Crafted from fine fabrics, it features intricate embroidery and a relaxed fit, providing comfort and style.',80,449,'https://rukminim1.flixcart.com/image/612/612/xif0q/top/6/o/5/xl-amrfullsleeveswhiteleafprinttop-keep-cart-original-imagqwxtjy3hjeft.jpeg?q=70',0,2500,100,'Party Regular Sleeves Floral Print, Printed Women White...',12),(233,'FashVerse','white','2024-01-08 11:17:42.254342','A traditional garment embodying elegance and grace. Crafted from fine fabrics, it features intricate embroidery and a relaxed fit, providing comfort and style.',50,429,'https://rukminim1.flixcart.com/image/612/612/xif0q/shirt/o/d/x/l-260-fashverse-original-imagqfdyfvfhsxfs.jpeg?q=70',0,999,100,'Women Boxy Fit Striped Lapel Collar Casual Shirt',12),(234,'FUNDAY FASHION','whitePack of 2','2024-01-08 11:17:42.261352','A traditional garment embodying elegance and grace. Crafted from fine fabrics, it features intricate embroidery and a relaxed fit, providing comfort and style.',60,499,'https://rukminim1.flixcart.com/image/612/612/kflftzk0hlty2aw-0/shirt/4/4/v/m-2-sys-4007-08-funday-fashion-original-imafw7ksgd6nvwz3.jpeg?q=70',0,1499,100,'Women Regular Fit Checkered Spread Collar Casual Shirt',12),(235,'FUNDAY FASHION','white','2024-01-08 11:17:42.269353','A traditional garment embodying elegance and grace. Crafted from fine fabrics, it features intricate embroidery and a relaxed fit, providing comfort and style.',70,349,'https://rukminim1.flixcart.com/image/612/612/xif0q/shirt/p/d/d/s-sys-b4003-funday-fashion-original-imafgfwkg5hzgxsq-bb.jpeg?q=70',0,1299,100,'Women Regular Fit Solid Spread Collar Casual Shirt',12),(236,'Universaloutfit','white','2024-01-08 11:17:42.276272','A traditional garment embodying elegance and grace. Crafted from fine fabrics, it features intricate embroidery and a relaxed fit, providing comfort and style.',5,199,'https://rukminim1.flixcart.com/image/612/612/xif0q/top/b/x/h/m-t-dbf-sofia-white-dream-beauty-fashion-original-imagjukqwjhs2jtg.jpeg?q=70',0,211,100,'Casual Puff Sleeves Solid Women White Top',12),(237,'Tokyo Talkies','white','2024-01-08 11:17:42.284272','A traditional garment embodying elegance and grace. Crafted from fine fabrics, it features intricate embroidery and a relaxed fit, providing comfort and style.',60,430,'https://rukminim1.flixcart.com/image/612/612/kixgtjk0-0/shirt/s/r/k/l-ttsh000981-tokyo-talkies-original-imafymes83r8bvxy.jpeg?q=70',0,1149,100,'Women Regular Fit Printed Spread Collar Casual Shirt',12),(238,'SWAGGO','white','2024-01-08 11:17:42.290034','A traditional garment embodying elegance and grace. Crafted from fine fabrics, it features intricate embroidery and a relaxed fit, providing comfort and style.',70,333,'https://rukminim1.flixcart.com/image/612/612/xif0q/t-shirt/3/v/6/m-groovy-loose-swaggo-original-imagr2gahfp9mapn.jpeg?q=70',0,1149,100,'Women Printed, Typography, Graphic Print Round Neck Pur...',12),(239,'V-MART','white','2024-01-08 11:17:42.298185','A traditional garment embodying elegance and grace. Crafted from fine fabrics, it features intricate embroidery and a relaxed fit, providing comfort and style.',10,349,'https://rukminim1.flixcart.com/image/612/612/xif0q/t-shirt/n/x/e/s-604240-v-mart-original-imagnrkaf7nhgu9h.jpeg?q=70',0,399,100,'Women Floral Print Round Neck Pure Cotton White T-Shirt',12),(240,'Prettify','white','2024-01-08 11:17:42.304186','A traditional garment embodying elegance and grace. Crafted from fine fabrics, it features intricate embroidery and a relaxed fit, providing comfort and style.',60,389,'https://rukminim1.flixcart.com/image/612/612/xif0q/top/d/t/t/m-prw-167-prettify-original-imagjzsu2gafpdag.jpeg?q=70',0,999,100,'Casual Regular Sleeves Self Design Women White Top',12),(241,'HARPA','white','2024-01-08 11:17:42.313151','A traditional garment embodying elegance and grace. Crafted from fine fabrics, it features intricate embroidery and a relaxed fit, providing comfort and style.',60,461,'https://rukminim1.flixcart.com/image/612/612/l01blow0/top/m/q/z/m-gr6245-white-harpa-original-imagbwnh3xqhgfbn.jpeg?q=70',0,1399,100,'Casual Puff Sleeves Solid Women White Top',12);
/*!40000 ALTER TABLE `product` ENABLE KEYS */;
UNLOCK TABLES;

--
-- Table structure for table `product_sizes`
--

DROP TABLE IF EXISTS `product_sizes`;
/*!40101 SET @saved_cs_client     = @@character_set_client */;
/*!50503 SET character_set_client = utf8mb4 */;
CREATE TABLE `product_sizes` (
  `product_id` bigint NOT NULL,
  `name` varchar(255) DEFAULT NULL,
  `quanitty` int NOT NULL,
  KEY `FK4w69qsh5hd062xv3hqkpgpdpu` (`product_id`),
  CONSTRAINT `FK4w69qsh5hd062xv3hqkpgpdpu` FOREIGN KEY (`product_id`) REFERENCES `product` (`id`)
) ENGINE=InnoDB DEFAULT CHARSET=utf8mb4 COLLATE=utf8mb4_0900_ai_ci;
/*!40101 SET character_set_client = @saved_cs_client */;

--
-- Dumping data for table `product_sizes`
--

LOCK TABLES `product_sizes` WRITE;
/*!40000 ALTER TABLE `product_sizes` DISABLE KEYS */;
/*!40000 ALTER TABLE `product_sizes` ENABLE KEYS */;
UNLOCK TABLES;

--
-- Table structure for table `rating`
--

DROP TABLE IF EXISTS `rating`;
/*!40101 SET @saved_cs_client     = @@character_set_client */;
/*!50503 SET character_set_client = utf8mb4 */;
CREATE TABLE `rating` (
  `id` bigint NOT NULL AUTO_INCREMENT,
  `create_at` datetime(6) DEFAULT NULL,
  `rating` double DEFAULT NULL,
  `product_id` bigint DEFAULT NULL,
  `user_id` bigint NOT NULL,
  PRIMARY KEY (`id`),
  KEY `FKlkuwie0au2dru36asng9nywmh` (`product_id`),
  KEY `FKpn05vbx6usw0c65tcyuce4dw5` (`user_id`),
  CONSTRAINT `FKlkuwie0au2dru36asng9nywmh` FOREIGN KEY (`product_id`) REFERENCES `product` (`id`),
  CONSTRAINT `FKpn05vbx6usw0c65tcyuce4dw5` FOREIGN KEY (`user_id`) REFERENCES `user` (`id`)
) ENGINE=InnoDB DEFAULT CHARSET=utf8mb4 COLLATE=utf8mb4_0900_ai_ci;
/*!40101 SET character_set_client = @saved_cs_client */;

--
-- Dumping data for table `rating`
--

LOCK TABLES `rating` WRITE;
/*!40000 ALTER TABLE `rating` DISABLE KEYS */;
/*!40000 ALTER TABLE `rating` ENABLE KEYS */;
UNLOCK TABLES;

--
-- Table structure for table `review`
--

DROP TABLE IF EXISTS `review`;
/*!40101 SET @saved_cs_client     = @@character_set_client */;
/*!50503 SET character_set_client = utf8mb4 */;
CREATE TABLE `review` (
  `id` bigint NOT NULL,
  `created_at` datetime(6) DEFAULT NULL,
  `review` varchar(255) DEFAULT NULL,
  `product_id` bigint DEFAULT NULL,
  `user_id` bigint DEFAULT NULL,
  PRIMARY KEY (`id`),
  KEY `FKiyof1sindb9qiqr9o8npj8klt` (`product_id`),
  KEY `FKiyf57dy48lyiftdrf7y87rnxi` (`user_id`),
  CONSTRAINT `FKiyf57dy48lyiftdrf7y87rnxi` FOREIGN KEY (`user_id`) REFERENCES `user` (`id`),
  CONSTRAINT `FKiyof1sindb9qiqr9o8npj8klt` FOREIGN KEY (`product_id`) REFERENCES `product` (`id`)
) ENGINE=InnoDB DEFAULT CHARSET=utf8mb4 COLLATE=utf8mb4_0900_ai_ci;
/*!40101 SET character_set_client = @saved_cs_client */;

--
-- Dumping data for table `review`
--

LOCK TABLES `review` WRITE;
/*!40000 ALTER TABLE `review` DISABLE KEYS */;
/*!40000 ALTER TABLE `review` ENABLE KEYS */;
UNLOCK TABLES;

--
-- Table structure for table `review_seq`
--

DROP TABLE IF EXISTS `review_seq`;
/*!40101 SET @saved_cs_client     = @@character_set_client */;
/*!50503 SET character_set_client = utf8mb4 */;
CREATE TABLE `review_seq` (
  `next_val` bigint DEFAULT NULL
) ENGINE=InnoDB DEFAULT CHARSET=utf8mb4 COLLATE=utf8mb4_0900_ai_ci;
/*!40101 SET character_set_client = @saved_cs_client */;

--
-- Dumping data for table `review_seq`
--

LOCK TABLES `review_seq` WRITE;
/*!40000 ALTER TABLE `review_seq` DISABLE KEYS */;
INSERT INTO `review_seq` VALUES (1);
/*!40000 ALTER TABLE `review_seq` ENABLE KEYS */;
UNLOCK TABLES;

--
-- Table structure for table `user`
--

DROP TABLE IF EXISTS `user`;
/*!40101 SET @saved_cs_client     = @@character_set_client */;
/*!50503 SET character_set_client = utf8mb4 */;
CREATE TABLE `user` (
  `id` bigint NOT NULL,
  `create_at` datetime(6) DEFAULT NULL,
  `email` varchar(255) DEFAULT NULL,
  `first_name` varchar(255) DEFAULT NULL,
  `last_name` varchar(255) DEFAULT NULL,
  `password` varchar(255) DEFAULT NULL,
  `phone_number` varchar(255) DEFAULT NULL,
  `role` varchar(255) DEFAULT NULL,
  PRIMARY KEY (`id`)
) ENGINE=InnoDB DEFAULT CHARSET=utf8mb4 COLLATE=utf8mb4_0900_ai_ci;
/*!40101 SET character_set_client = @saved_cs_client */;

--
-- Dumping data for table `user`
--

LOCK TABLES `user` WRITE;
/*!40000 ALTER TABLE `user` DISABLE KEYS */;
INSERT INTO `user` VALUES (1,NULL,'test1@gmail.com','1','1','$2a$10$bDQNGcSdRW66bbDqCxzPO.m4f/cabPQe.gkOdKubYbnw4SewGu.Tu',NULL,NULL);
/*!40000 ALTER TABLE `user` ENABLE KEYS */;
UNLOCK TABLES;

--
-- Table structure for table `user_seq`
--

DROP TABLE IF EXISTS `user_seq`;
/*!40101 SET @saved_cs_client     = @@character_set_client */;
/*!50503 SET character_set_client = utf8mb4 */;
CREATE TABLE `user_seq` (
  `next_val` bigint DEFAULT NULL
) ENGINE=InnoDB DEFAULT CHARSET=utf8mb4 COLLATE=utf8mb4_0900_ai_ci;
/*!40101 SET character_set_client = @saved_cs_client */;

--
-- Dumping data for table `user_seq`
--

LOCK TABLES `user_seq` WRITE;
/*!40000 ALTER TABLE `user_seq` DISABLE KEYS */;
INSERT INTO `user_seq` VALUES (51);
/*!40000 ALTER TABLE `user_seq` ENABLE KEYS */;
UNLOCK TABLES;
/*!40103 SET TIME_ZONE=@OLD_TIME_ZONE */;

/*!40101 SET SQL_MODE=@OLD_SQL_MODE */;
/*!40014 SET FOREIGN_KEY_CHECKS=@OLD_FOREIGN_KEY_CHECKS */;
/*!40014 SET UNIQUE_CHECKS=@OLD_UNIQUE_CHECKS */;
/*!40101 SET CHARACTER_SET_CLIENT=@OLD_CHARACTER_SET_CLIENT */;
/*!40101 SET CHARACTER_SET_RESULTS=@OLD_CHARACTER_SET_RESULTS */;
/*!40101 SET COLLATION_CONNECTION=@OLD_COLLATION_CONNECTION */;
/*!40111 SET SQL_NOTES=@OLD_SQL_NOTES */;

-- Dump completed on 2024-06-13 10:04:48
